Kartentyp,Name,Kartentext,Kosten,Artwork,⚔️,🛡️,Fraktion,Typ,Flavourtext,Meta-Überlegungen,Decks,Status,Created by
,Weißer Greif,"Wenn der Weiße Greif stirbt, kehrt er stattdessen auf Deine Hand zurück.","Aeris, 4",,40,20,,,,,,Idee,Timon
Charakter (https://www.notion.so/Charakter-cdfda7ca52aa435bbb22610007798d2f?pvs=21),Heulende Eulen,sofort (https://www.notion.so/sofort-9c56f076fccf4157b07459dd557d86d7?pvs=21) spielbar.,"Terra, 1",,9,9,,Wildtier (https://www.notion.so/Wildtier-566a219b7ef049469e5743f0e8b351de?pvs=21),"Niemand sah sie kommen, denn alle blickten gen Himmel.",,Starterdeck Terra (https://www.notion.so/Starterdeck-Terra-200f435487934141a36042450b2b0db3?pvs=21),Idee,Jan Appel
,Korporal Langhorn,Alle anderen befreundeten Wölfe Bjarturs haben +10 ⚔️ und +15 🛡️.,"Terra, 4",,30,35,Wolf Bjarturs (https://www.notion.so/Wolf-Bjarturs-9178a684c4ac4bc287ad994e400a8f9a?pvs=21),,,,,Idee,Jan Appel
,Baumsängerin Betula,Tribute diese Karte; Rufe ein [7] oder weniger “Besungener Baum” aus dem Deck.,"Terra, 4",Starterdeck%20Aqua%206b2d4d985fa943b5bb176dca75aca258/wia._celtic_shaman_barbarian_sorceress_elf_singing_magical_sce_bc1798af-4b26-41b2-8092-d7039d2e5e67.png,30,30,Baumsängerin (https://www.notion.so/Baums-ngerin-af7ba6f57aba4f63b5ceb62076cff89a?pvs=21),Magier (https://www.notion.so/Magier-3a53f2f6a1ef426b8a25520ab3d354b1?pvs=21),,,Starterdeck Terra (https://www.notion.so/Starterdeck-Terra-200f435487934141a36042450b2b0db3?pvs=21),Idee,Timon
,Baumsängerin Larix,Tribute diese Karte; Rufe ein [6] oder weniger “Besungener Baum” aus dem Deck.,"Terra, 4",Starterdeck%20Aqua%206b2d4d985fa943b5bb176dca75aca258/wia._celtic_shaman_barbarian_sorceress_elf_singing_magical_sce_3e1579be-e70d-44cf-aa43-ba608fa0e380.png,30,30,Baumsängerin (https://www.notion.so/Baums-ngerin-af7ba6f57aba4f63b5ceb62076cff89a?pvs=21),Magier (https://www.notion.so/Magier-3a53f2f6a1ef426b8a25520ab3d354b1?pvs=21),,,Starterdeck Terra (https://www.notion.so/Starterdeck-Terra-200f435487934141a36042450b2b0db3?pvs=21),Idee,Timon
,Baumsängerin Tilia,Tribute diese Karte; Rufe ein [8] oder weniger “Besungener Baum” aus dem Deck.,"Terra, 5",Starterdeck%20Aqua%206b2d4d985fa943b5bb176dca75aca258/wia._celtic_shaman_barbarian_sorceress_singing_magical_scenery_6bcac470-b781-4237-9d3b-2b5014b61ab1.png,50,30,Baumsängerin (https://www.notion.so/Baums-ngerin-af7ba6f57aba4f63b5ceb62076cff89a?pvs=21),Magier (https://www.notion.so/Magier-3a53f2f6a1ef426b8a25520ab3d354b1?pvs=21),,,Starterdeck Terra (https://www.notion.so/Starterdeck-Terra-200f435487934141a36042450b2b0db3?pvs=21),Idee,Timon
,Baumsängerin Abies,Falls diese Karte auf den Friedhof gelegt wird; Rufe ein “Besungener Baum” von deinem Friedhof (Einmal pro Spielzug),"Terra, 2",Starterdeck%20Aqua%206b2d4d985fa943b5bb176dca75aca258/wia._celtic_shaman_barbarian_sorceress_elf_singing_red_hair_ma_a9278542-fe50-46f4-be5f-1eed3f953a60.png,15,20,Baumsängerin (https://www.notion.so/Baums-ngerin-af7ba6f57aba4f63b5ceb62076cff89a?pvs=21),Magier (https://www.notion.so/Magier-3a53f2f6a1ef426b8a25520ab3d354b1?pvs=21),,,Starterdeck Terra (https://www.notion.so/Starterdeck-Terra-200f435487934141a36042450b2b0db3?pvs=21),Idee,Timon
,Besungener Baum Quercus,Alle verbündet (https://www.notion.so/verb-ndet-76b6117405774f5ba575df0e30e1fca6?pvs=21)en Terra (https://www.notion.so/Terra-a87287f1c26b4387b7cd731d0272f6e0?pvs=21)-Baumsängerin (https://www.notion.so/Baums-ngerin-af7ba6f57aba4f63b5ceb62076cff89a?pvs=21)nen und Terra (https://www.notion.so/Terra-a87287f1c26b4387b7cd731d0272f6e0?pvs=21)-Wildtier (https://www.notion.so/Wildtier-566a219b7ef049469e5743f0e8b351de?pvs=21)e erhalten +10 Angriffswert (https://www.notion.so/Angriffswert-08a93843021a40dba6e7e34862f163fa?pvs=21) und +15 Verteidigungswert (https://www.notion.so/Verteidigungswert-e67635d2fccf454d85d29b869ee8b6ff?pvs=21).,"Terra, 7",Starterdeck%20Aqua%206b2d4d985fa943b5bb176dca75aca258/wia._ancient_mighty_tree_emerging_from_forest_low_camera_angle_a2c2d08a-a3d5-4361-bb5d-9564cd146f5b.png,0,80,Baumsängerin (https://www.notion.so/Baums-ngerin-af7ba6f57aba4f63b5ceb62076cff89a?pvs=21),Magisches Wesen (https://www.notion.so/Magisches-Wesen-416ecc433e6d4261a4640d1384950176?pvs=21),,,Starterdeck Terra (https://www.notion.so/Starterdeck-Terra-200f435487934141a36042450b2b0db3?pvs=21),Idee,Timon
,Besungener Baum Fraxinus,Alle verbündeten Baumsängerin (https://www.notion.so/Baums-ngerin-af7ba6f57aba4f63b5ceb62076cff89a?pvs=21)  und Wildtier (https://www.notion.so/Wildtier-566a219b7ef049469e5743f0e8b351de?pvs=21)  Kosten 1 Element weniger um sie zu rufen,"Terra, 6",Starterdeck%20Aqua%206b2d4d985fa943b5bb176dca75aca258/wia._ancient_mighty_fir_tree_emerging_from_forest_low_camera_a_29f63d3b-b0ab-4aea-8a43-0660dc16dce1.png,0,55,Baumsängerin (https://www.notion.so/Baums-ngerin-af7ba6f57aba4f63b5ceb62076cff89a?pvs=21),Magisches Wesen (https://www.notion.so/Magisches-Wesen-416ecc433e6d4261a4640d1384950176?pvs=21),,,Starterdeck Terra (https://www.notion.so/Starterdeck-Terra-200f435487934141a36042450b2b0db3?pvs=21),Idee,Timon
,Besungener Baum Carpinus,Bezahle 2 Terra; Zerstöre einen Charakter (Einmal pro Spielzug),"Terra, 8",,0,85,Baumsängerin (https://www.notion.so/Baums-ngerin-af7ba6f57aba4f63b5ceb62076cff89a?pvs=21),Magisches Wesen (https://www.notion.so/Magisches-Wesen-416ecc433e6d4261a4640d1384950176?pvs=21),,,Starterdeck Terra (https://www.notion.so/Starterdeck-Terra-200f435487934141a36042450b2b0db3?pvs=21),Idee,Timon
,Besungener Baum Aesculus,Um den Effekt einer Baumsängerin (https://www.notion.so/Baums-ngerin-af7ba6f57aba4f63b5ceb62076cff89a?pvs=21) zu aktiveren kannst du anstelle sie als Tribut anzubieten 2 Terra bezahlen,"Terra, 6",,0,55,Baumsängerin (https://www.notion.so/Baums-ngerin-af7ba6f57aba4f63b5ceb62076cff89a?pvs=21),Magisches Wesen (https://www.notion.so/Magisches-Wesen-416ecc433e6d4261a4640d1384950176?pvs=21),,,Starterdeck Terra (https://www.notion.so/Starterdeck-Terra-200f435487934141a36042450b2b0db3?pvs=21),Idee,Timon
,Lieblicher Lautenklang der Baumsängerinnen,Suche einen Baumsängerin (https://www.notion.so/Baums-ngerin-af7ba6f57aba4f63b5ceb62076cff89a?pvs=21) Charakter,"Terra, 2",Starterdeck%20Aqua%206b2d4d985fa943b5bb176dca75aca258/wia._harp_forest_background_fantasy_concept_art_magic_the_gath_3a281a61-aa45-40bf-bca0-eec371903ea6.png,,,Baumsängerin (https://www.notion.so/Baums-ngerin-af7ba6f57aba4f63b5ceb62076cff89a?pvs=21),,,,Starterdeck Terra (https://www.notion.so/Starterdeck-Terra-200f435487934141a36042450b2b0db3?pvs=21),Idee,Timon
,Heiterer Lautenklang der Baumsängerinnen,Suche einen Baumsängerin (https://www.notion.so/Baums-ngerin-af7ba6f57aba4f63b5ceb62076cff89a?pvs=21) Charakter,"Terra, 2",,,,Baumsängerin (https://www.notion.so/Baums-ngerin-af7ba6f57aba4f63b5ceb62076cff89a?pvs=21),,,,Starterdeck Terra (https://www.notion.so/Starterdeck-Terra-200f435487934141a36042450b2b0db3?pvs=21),Idee,Timon
,Schützender Lautenklang der Baumsängerinnen,Bis zum Ende dieses Spielzugs: eine Baumsängerin (https://www.notion.so/Baums-ngerin-af7ba6f57aba4f63b5ceb62076cff89a?pvs=21) oder ein “Besungener Baum” ist von Karteneffekten unberührt und kann nicht zerstört werden,"Terra, 3",,,,Baumsängerin (https://www.notion.so/Baums-ngerin-af7ba6f57aba4f63b5ceb62076cff89a?pvs=21),,,,Starterdeck Terra (https://www.notion.so/Starterdeck-Terra-200f435487934141a36042450b2b0db3?pvs=21),Idee,Timon
Charakter (https://www.notion.so/Charakter-cdfda7ca52aa435bbb22610007798d2f?pvs=21),Schildheilerin Elaria,"Wenn eine D (https://www.notion.so/D-b1303df2f24d4014b6316e53f3e74243?pvs=21)einer Charakter (https://www.notion.so/Charakter-cdfda7ca52aa435bbb22610007798d2f?pvs=21)n, inklusive Schildheilerin Elaria (https://www.notion.so/Schildheilerin-Elaria-269751abdc774539bcb14942c029b97b?pvs=21), ersch (https://www.notion.so/ersch-0e02f231f9ed4e67bd55eada1e50b09e?pvs=21)eint, entdeck (https://www.notion.so/entdeck-bc14ca1b366b418397d988c1c99579f6?pvs=21)e einen Schild (https://www.notion.so/Schild-7d85c5583f0144ad94a6d3532be61da0?pvs=21) aus D (https://www.notion.so/D-b1303df2f24d4014b6316e53f3e74243?pvs=21)einem Deck (https://www.notion.so/Deck-12e336df2ea64e2194cabce2e4d93d61?pvs=21). D (https://www.notion.so/D-b1303df2f24d4014b6316e53f3e74243?pvs=21)u darfst die ersch (https://www.notion.so/ersch-0e02f231f9ed4e67bd55eada1e50b09e?pvs=21)ienene Konstante (https://www.notion.so/Konstante-bafefdffb74944b09dc4f9de10183b2d?pvs=21) damit vers (https://www.notion.so/vers-6a91c6bfe98549699eed7a53885c2d9b?pvs=21)ehen. Andernfalls misches ihn inD (https://www.notion.so/D-b1303df2f24d4014b6316e53f3e74243?pvs=21)ein Deck (https://www.notion.so/Deck-12e336df2ea64e2194cabce2e4d93d61?pvs=21).","Aqua (https://www.notion.so/Aqua-8c3b1bb2cc364f6ba274d390ac8d3800?pvs=21), 4",https://cdn.discordapp.com/attachments/1140326119963377664/1150242763217051790/itschotsch_water_mage_woman_casting_a_blue_magical_shield_in_ac_2555d53b-dd56-42c0-b2e0-87c7d1ca6067.png,15,15,,Heiler (https://www.notion.so/Heiler-87458f62050b4c88a9957833f452a67e?pvs=21),,"Draw, Buff",Starterdeck Aqua (https://www.notion.so/Starterdeck-Aqua-6b2d4d985fa943b5bb176dca75aca258?pvs=21),Untested,Jan Appel
Charakter (https://www.notion.so/Charakter-cdfda7ca52aa435bbb22610007798d2f?pvs=21),Speerfischer Albert,-,"Aqua (https://www.notion.so/Aqua-8c3b1bb2cc364f6ba274d390ac8d3800?pvs=21), 2","Starterdeck%20Aqua%206b2d4d985fa943b5bb176dca75aca258/00034-370775683.png, https://cdn.discordapp.com/attachments/1140326119963377664/1150245062719049728/itschotsch_Human_Fisherman_fishing_standing_in_a_river_lake_by__532f5aa5-0c39-4852-a483-985dfe03af31.png",30,20,,Gefolge (https://www.notion.so/Gefolge-d8ea55c1066e4abbb15b1b371bd0f320?pvs=21),,,Starterdeck Aqua (https://www.notion.so/Starterdeck-Aqua-6b2d4d985fa943b5bb176dca75aca258?pvs=21),Untested,Jan Appel
Charakter (https://www.notion.so/Charakter-cdfda7ca52aa435bbb22610007798d2f?pvs=21),Speerfischer Hans,-,"Aqua (https://www.notion.so/Aqua-8c3b1bb2cc364f6ba274d390ac8d3800?pvs=21), 2",https://cdn.discordapp.com/attachments/1140326119963377664/1150245038140436481/itschotsch_Human_Fisherman_fishing_standing_in_a_river_lake_by__8f931dee-201d-4b48-8b87-a12aa4e5a216.png,20,30,,Gefolge (https://www.notion.so/Gefolge-d8ea55c1066e4abbb15b1b371bd0f320?pvs=21),,,Starterdeck Aqua (https://www.notion.so/Starterdeck-Aqua-6b2d4d985fa943b5bb176dca75aca258?pvs=21),Untested,Jan Appel
Charakter (https://www.notion.so/Charakter-cdfda7ca52aa435bbb22610007798d2f?pvs=21),Netzfischer Alto,"Wenn der Netzfischer Alto (https://www.notion.so/Netzfischer-Alto-fbbdfac2c1aa459eba8bb09cf5be6780?pvs=21) eine Konstante (https://www.notion.so/Konstante-bafefdffb74944b09dc4f9de10183b2d?pvs=21) zerstör (https://www.notion.so/zerst-r-353ca16d2f8a4864a2987a024552914f?pvs=21)t, zieh (https://www.notion.so/zieh-b15d78fb02034a8f94b549601fe794f5?pvs=21)e eine Karte (https://www.notion.so/Karte-6ddef2a437ec4b918cdc8a75c9262128?pvs=21).","Aqua (https://www.notion.so/Aqua-8c3b1bb2cc364f6ba274d390ac8d3800?pvs=21), 3",https://cdn.discordapp.com/attachments/1140326119963377664/1150246256837402694/itschotsch_Fisherman_standing_knee_deep_in_the_water_throwing_a_940f5793-9590-4c9b-b420-0a4c160eaede.png,20,30,,Gefolge (https://www.notion.so/Gefolge-d8ea55c1066e4abbb15b1b371bd0f320?pvs=21),,,Starterdeck Aqua (https://www.notion.so/Starterdeck-Aqua-6b2d4d985fa943b5bb176dca75aca258?pvs=21),Untested,Jan Appel
Charakter (https://www.notion.so/Charakter-cdfda7ca52aa435bbb22610007798d2f?pvs=21),Schleimkröte,"Wenn die Schleimkröte (https://www.notion.so/Schleimkr-te-2817df0d5c2c43d6a38b67509384fdd4?pvs=21) ein Ziel (https://www.notion.so/Ziel-fce8858c271f419a8a1cfc93bdd3c75e?pvs=21) angr (https://www.notion.so/gr-67b7334ca6da4432b1b2462f108f30e1?pvs=21)eift, darfst D (https://www.notion.so/D-b1303df2f24d4014b6316e53f3e74243?pvs=21)u dieses in Angriffsposition (https://www.notion.so/Angriffsposition-b0b16f0eec474e6fa92eb5d09f48f5b7?pvs=21) oder Verteidigungsposition (https://www.notion.so/Verteidigungsposition-40ccf690416b4f68aef823771c6b0615?pvs=21) versetzen.","Aqua (https://www.notion.so/Aqua-8c3b1bb2cc364f6ba274d390ac8d3800?pvs=21), 4 oder Terra (https://www.notion.so/Terra-a6762ab5136d4598aafb8d77da6be70f?pvs=21), 4",https://cdn.discordapp.com/attachments/1140326119963377664/1150248562727321710/itschotsch_angry_shiny_slimey_toad_in_dark_swamp_tall_reed_dram_c3215b75-adda-4940-967e-8af46bc3991d.png,30,20,,Wildtier (https://www.notion.so/Wildtier-566a219b7ef049469e5743f0e8b351de?pvs=21),,,"Starterdeck Aqua (https://www.notion.so/Starterdeck-Aqua-6b2d4d985fa943b5bb176dca75aca258?pvs=21), Starterdeck Terra (https://www.notion.so/Starterdeck-Terra-200f435487934141a36042450b2b0db3?pvs=21)",Untested,Jan Appel
Charakter (https://www.notion.so/Charakter-cdfda7ca52aa435bbb22610007798d2f?pvs=21),Sumpfkröte,"Wenn die Sumpfkröte (https://www.notion.so/Sumpfkr-te-8c33f75aa0d4460bac47c58b86f59931?pvs=21) ersch (https://www.notion.so/ersch-0e02f231f9ed4e67bd55eada1e50b09e?pvs=21)eint, darfst Du eine beliebige andere Konstante (https://www.notion.so/Konstante-bafefdffb74944b09dc4f9de10183b2d?pvs=21) verschwind (https://www.notion.so/verschwind-43bb30ae08cb45c7a465f320d7ca5f91?pvs=21)en und wieder ersch (https://www.notion.so/ersch-0e02f231f9ed4e67bd55eada1e50b09e?pvs=21)einen lassen.","Aqua (https://www.notion.so/Aqua-8c3b1bb2cc364f6ba274d390ac8d3800?pvs=21), 3 oder Terra (https://www.notion.so/Terra-a6762ab5136d4598aafb8d77da6be70f?pvs=21), 3",https://cdn.discordapp.com/attachments/1140326119963377664/1150248733397749820/itschotsch_angry_shiny_slimey_toad_in_dark_swamp_tall_reed_dram_178dc079-c8cc-4e9b-bb96-83a14d630598.png,5,35,,Wildtier (https://www.notion.so/Wildtier-566a219b7ef049469e5743f0e8b351de?pvs=21),,,"Starterdeck Aqua (https://www.notion.so/Starterdeck-Aqua-6b2d4d985fa943b5bb176dca75aca258?pvs=21), Starterdeck Terra (https://www.notion.so/Starterdeck-Terra-200f435487934141a36042450b2b0db3?pvs=21)",Untested,Jan Appel
Charakter (https://www.notion.so/Charakter-cdfda7ca52aa435bbb22610007798d2f?pvs=21),Perlentaucher,"verkünde (https://www.notion.so/verk-nde-60617eed7ae244bab7664a1d221879c2?pvs=21) zu Beginn D (https://www.notion.so/D-b1303df2f24d4014b6316e53f3e74243?pvs=21)eines Zug (https://www.notion.so/Zug-1dea8b0b0db6480ea14c8b3f2d6dda20?pvs=21)es einen Entitäten (https://www.notion.so/09a479f6a9da4570a428e67ff08006f4?pvs=21)typ. Wenn die erste Karte (https://www.notion.so/Karte-6ddef2a437ec4b918cdc8a75c9262128?pvs=21), die D (https://www.notion.so/D-b1303df2f24d4014b6316e53f3e74243?pvs=21)u diesen Zug (https://www.notion.so/Zug-1dea8b0b0db6480ea14c8b3f2d6dda20?pvs=21) zieh (https://www.notion.so/zieh-b15d78fb02034a8f94b549601fe794f5?pvs=21)st, diesem Entitäten (https://www.notion.so/09a479f6a9da4570a428e67ff08006f4?pvs=21)typ entspricht, darfst D (https://www.notion.so/D-b1303df2f24d4014b6316e53f3e74243?pvs=21)u sie für 1 Aqua (https://www.notion.so/Aqua-8c3b1bb2cc364f6ba274d390ac8d3800?pvs=21) spiel (https://www.notion.so/spiel-b5c878a58a374f5282838f3bb3b69799?pvs=21)en. Andernfalls nimmst D (https://www.notion.so/D-b1303df2f24d4014b6316e53f3e74243?pvs=21)u sie auf (https://www.notion.so/auf-e5bc4ea646fa468aa4d0ee5800a3c5e2?pvs=21) D (https://www.notion.so/D-b1303df2f24d4014b6316e53f3e74243?pvs=21)eine Hand (https://www.notion.so/Hand-02eed85235d546fc8cd87be30bc8b7c8?pvs=21).","Aqua (https://www.notion.so/Aqua-8c3b1bb2cc364f6ba274d390ac8d3800?pvs=21), 3",https://cdn.discordapp.com/attachments/1140326119963377664/1150249730341871686/itschotsch_young_man_under_water_finding_beautiful_pearl_in_a_s_80d8b090-1601-4d76-a216-c5d8058cc576.png,15,15,,Abenteurer (https://www.notion.so/Abenteurer-18c618e1fbc44737ad118d41cdbfa787?pvs=21),,,Starterdeck Aqua (https://www.notion.so/Starterdeck-Aqua-6b2d4d985fa943b5bb176dca75aca258?pvs=21),Untested,Jan Appel
Charakter (https://www.notion.so/Charakter-cdfda7ca52aa435bbb22610007798d2f?pvs=21),Brauner Stummfisch,sofort (https://www.notion.so/sofort-9c56f076fccf4157b07459dd557d86d7?pvs=21) spiel (https://www.notion.so/spiel-b5c878a58a374f5282838f3bb3b69799?pvs=21)bar.,"Aqua (https://www.notion.so/Aqua-8c3b1bb2cc364f6ba274d390ac8d3800?pvs=21), 1",https://cdn.discordapp.com/attachments/1140326119963377664/1150250922245636188/itschotsch_fish_swimming_underwater_gray_brown_codfish_by_peter_3396e464-daf3-4956-b786-9ac39e584520.png,10,0,,Wildtier (https://www.notion.so/Wildtier-566a219b7ef049469e5743f0e8b351de?pvs=21),,,Starterdeck Aqua (https://www.notion.so/Starterdeck-Aqua-6b2d4d985fa943b5bb176dca75aca258?pvs=21),Untested,Jan Appel
Charakter (https://www.notion.so/Charakter-cdfda7ca52aa435bbb22610007798d2f?pvs=21),Grauer Stummfisch,sofort (https://www.notion.so/sofort-9c56f076fccf4157b07459dd557d86d7?pvs=21) spiel (https://www.notion.so/spiel-b5c878a58a374f5282838f3bb3b69799?pvs=21)bar.,"Aqua (https://www.notion.so/Aqua-8c3b1bb2cc364f6ba274d390ac8d3800?pvs=21), 1",https://cdn.discordapp.com/attachments/1140326119963377664/1150250887277727795/itschotsch_fish_swimming_underwater_gray_brown_codfish_by_peter_a9bf7d66-03d9-49ac-8a09-29b2db8c5f43.png,0,10,,Wildtier (https://www.notion.so/Wildtier-566a219b7ef049469e5743f0e8b351de?pvs=21),,,Starterdeck Aqua (https://www.notion.so/Starterdeck-Aqua-6b2d4d985fa943b5bb176dca75aca258?pvs=21),Untested,Jan Appel
Charakter (https://www.notion.so/Charakter-cdfda7ca52aa435bbb22610007798d2f?pvs=21),Regenbogenquappschlappe,Die Regenbogenquappschlappe (https://www.notion.so/Regenbogenquappschlappe-c695e5302d69411b83972e5f18cf3fc3?pvs=21) kann in der Verteidigungsposition (https://www.notion.so/Verteidigungsposition-40ccf690416b4f68aef823771c6b0615?pvs=21) nicht als Ziel (https://www.notion.so/Ziel-fce8858c271f419a8a1cfc93bdd3c75e?pvs=21) gewählt werden.,"Aqua (https://www.notion.so/Aqua-8c3b1bb2cc364f6ba274d390ac8d3800?pvs=21), 2",https://cdn.discordapp.com/attachments/1140326119963377664/1150252890414399519/itschotsch_fish_swimming_underwater_colorful_mother-of-pearl_sc_ff43e1df-d913-4043-aa44-68079b41aebb.png,15,15,,Magisches Wesen (https://www.notion.so/Magisches-Wesen-416ecc433e6d4261a4640d1384950176?pvs=21),,,Starterdeck Aqua (https://www.notion.so/Starterdeck-Aqua-6b2d4d985fa943b5bb176dca75aca258?pvs=21),Untested,Jan Appel
Sache (https://www.notion.so/Sache-01fa783543da4ed2964edb521e465bd0?pvs=21),Laminarströmung,"Wenn die vers (https://www.notion.so/vers-6a91c6bfe98549699eed7a53885c2d9b?pvs=21)ehene Konstante (https://www.notion.so/Konstante-bafefdffb74944b09dc4f9de10183b2d?pvs=21) Schaden (https://www.notion.so/Schaden-9a09537dfc724c1b887d4dbfdc822726?pvs=21) erleidet, wird stattdessen die Laminarströmung (https://www.notion.so/Laminarstr-mung-f0bf24bbe1a649bcafa939cf668fb9f8?pvs=21) zerstör (https://www.notion.so/zerst-r-353ca16d2f8a4864a2987a024552914f?pvs=21)t.","Aqua (https://www.notion.so/Aqua-8c3b1bb2cc364f6ba274d390ac8d3800?pvs=21), 3",https://cdn.discordapp.com/attachments/1140326119963377664/1150255268085633085/itschotsch_transparent_water_sphere_over_the_ocean_magical_forc_e8cea2ae-5496-4ae3-8b00-9d15c3596864.png,,,,Schild (https://www.notion.so/Schild-7d85c5583f0144ad94a6d3532be61da0?pvs=21),,Gottesschild,Starterdeck Aqua (https://www.notion.so/Starterdeck-Aqua-6b2d4d985fa943b5bb176dca75aca258?pvs=21),Untested,Jan Appel
Sache (https://www.notion.so/Sache-01fa783543da4ed2964edb521e465bd0?pvs=21),Wasserschwall,"Der Verteidigungswert (https://www.notion.so/Verteidigungswert-e67635d2fccf454d85d29b869ee8b6ff?pvs=21) der vers (https://www.notion.so/vers-6a91c6bfe98549699eed7a53885c2d9b?pvs=21)ehenen Konstante (https://www.notion.so/Konstante-bafefdffb74944b09dc4f9de10183b2d?pvs=21) ist um $x$ erhöht, wobei $x$ die Summe aller Elementarkosten (https://www.notion.so/Elementarkosten-fea3906dd57841dfb44fe508414a2ce9?pvs=21) D (https://www.notion.so/D-b1303df2f24d4014b6316e53f3e74243?pvs=21)einer Aqua (https://www.notion.so/Aqua-8c3b1bb2cc364f6ba274d390ac8d3800?pvs=21)-Konstante (https://www.notion.so/Konstante-bafefdffb74944b09dc4f9de10183b2d?pvs=21)n ist.","Aqua (https://www.notion.so/Aqua-8c3b1bb2cc364f6ba274d390ac8d3800?pvs=21), 1",https://cdn.discordapp.com/attachments/1140326119963377664/1150254375403532338/itschotsch_tall_water_wave_splashing_foam_magical_force_shield__e02c454e-dca0-4dd3-b4e8-7e28a31453d6.png,,,,Schild (https://www.notion.so/Schild-7d85c5583f0144ad94a6d3532be61da0?pvs=21),,"Buff, extra so billig",Starterdeck Aqua (https://www.notion.so/Starterdeck-Aqua-6b2d4d985fa943b5bb176dca75aca258?pvs=21),Untested,Jan Appel
Sache (https://www.notion.so/Sache-01fa783543da4ed2964edb521e465bd0?pvs=21),Reissender Fluss,"Wenn die vers (https://www.notion.so/vers-6a91c6bfe98549699eed7a53885c2d9b?pvs=21)eheneKonstante (https://www.notion.so/Konstante-bafefdffb74944b09dc4f9de10183b2d?pvs=21) während der verteidig (https://www.notion.so/verteidig-839e6f9d7cbd46cebaa3c27a3d39a179?pvs=21)ung zerstör (https://www.notion.so/zerst-r-353ca16d2f8a4864a2987a024552914f?pvs=21)t wird, wird auch die angr (https://www.notion.so/gr-67b7334ca6da4432b1b2462f108f30e1?pvs=21)eifende Karte (https://www.notion.so/Karte-6ddef2a437ec4b918cdc8a75c9262128?pvs=21) zerstör (https://www.notion.so/zerst-r-353ca16d2f8a4864a2987a024552914f?pvs=21)t.","Aqua (https://www.notion.so/Aqua-8c3b1bb2cc364f6ba274d390ac8d3800?pvs=21), 3",https://cdn.discordapp.com/attachments/1140326119963377664/1150256089305206804/itschotsch_dramatic_rushing_torrential_river_flood_destroyed_la_babff7b2-1934-4b3b-a909-6be2e3cf424a.png,,,,Schild (https://www.notion.so/Schild-7d85c5583f0144ad94a6d3532be61da0?pvs=21),,Ähnlich wie Deathtouch,Starterdeck Aqua (https://www.notion.so/Starterdeck-Aqua-6b2d4d985fa943b5bb176dca75aca258?pvs=21),Untested,Jan Appel
Sache (https://www.notion.so/Sache-01fa783543da4ed2964edb521e465bd0?pvs=21),Turbulenter Strom,"Wenn die vers (https://www.notion.so/vers-6a91c6bfe98549699eed7a53885c2d9b?pvs=21)ehene Konstante (https://www.notion.so/Konstante-bafefdffb74944b09dc4f9de10183b2d?pvs=21) angegr (https://www.notion.so/gr-67b7334ca6da4432b1b2462f108f30e1?pvs=21)iffen wird, darfst du sie mit einem beliebigen Charakter (https://www.notion.so/Charakter-cdfda7ca52aa435bbb22610007798d2f?pvs=21) verteidig (https://www.notion.so/verteidig-839e6f9d7cbd46cebaa3c27a3d39a179?pvs=21)en. Falls nicht, wird Turbulenter Strom (https://www.notion.so/Turbulenter-Strom-2cb9b81fdc5c442fb79d5b8e45c9ea87?pvs=21) zerstör (https://www.notion.so/zerst-r-353ca16d2f8a4864a2987a024552914f?pvs=21)t.","Aqua (https://www.notion.so/Aqua-8c3b1bb2cc364f6ba274d390ac8d3800?pvs=21), 2",https://cdn.discordapp.com/attachments/1140326119963377664/1150461638357561394/itschotsch_massive_dramatic_tall_wave_swirl_rotating_foaming_wa_f5843e19-0079-4d84-ad29-57683dec118e.png,,,,Schild (https://www.notion.so/Schild-7d85c5583f0144ad94a6d3532be61da0?pvs=21),,"Deck manipulation, man kann mit gegnerischen Karten verteidigen",Starterdeck Aqua (https://www.notion.so/Starterdeck-Aqua-6b2d4d985fa943b5bb176dca75aca258?pvs=21),Untested,Jan Appel
Sache (https://www.notion.so/Sache-01fa783543da4ed2964edb521e465bd0?pvs=21),Fresnel’sche Spiegelung,Gegner (https://www.notion.so/Gegner-38d8865e0868489d84eed7aab3fdb7d3?pvs=21) können nur die vers (https://www.notion.so/vers-6a91c6bfe98549699eed7a53885c2d9b?pvs=21)ehene Konstante (https://www.notion.so/Konstante-bafefdffb74944b09dc4f9de10183b2d?pvs=21) als Ziel (https://www.notion.so/Ziel-fce8858c271f419a8a1cfc93bdd3c75e?pvs=21) für ihren Angr (https://www.notion.so/gr-67b7334ca6da4432b1b2462f108f30e1?pvs=21)iff wählen.,"Aqua (https://www.notion.so/Aqua-8c3b1bb2cc364f6ba274d390ac8d3800?pvs=21), 3",https://cdn.discordapp.com/attachments/1140326119963377664/1150461858793406544/itschotsch_bautiful_ocean_wave_foaming_water_very_bright_reflec_248525a8-a2e0-4b44-a5de-cebd6ed5cfa6.png,,,,Schild (https://www.notion.so/Schild-7d85c5583f0144ad94a6d3532be61da0?pvs=21),,Taunt,Starterdeck Aqua (https://www.notion.so/Starterdeck-Aqua-6b2d4d985fa943b5bb176dca75aca258?pvs=21),Untested,Jan Appel
Sache (https://www.notion.so/Sache-01fa783543da4ed2964edb521e465bd0?pvs=21),Brunnen der Persistenz,"Wenn die vers (https://www.notion.so/vers-6a91c6bfe98549699eed7a53885c2d9b?pvs=21)ehene Konstante (https://www.notion.so/Konstante-bafefdffb74944b09dc4f9de10183b2d?pvs=21) noch leb (https://www.notion.so/leb-692df7818193496192e870be274ab13b?pvs=21)t, nachdem sie verteidig (https://www.notion.so/verteidig-839e6f9d7cbd46cebaa3c27a3d39a179?pvs=21)t, darfst D (https://www.notion.so/D-b1303df2f24d4014b6316e53f3e74243?pvs=21)u einen Schild (https://www.notion.so/Schild-7d85c5583f0144ad94a6d3532be61da0?pvs=21) aus D (https://www.notion.so/D-b1303df2f24d4014b6316e53f3e74243?pvs=21)einem Deck (https://www.notion.so/Deck-12e336df2ea64e2194cabce2e4d93d61?pvs=21) such (https://www.notion.so/such-97002fcad18b4a7ba59c8706c1742c2f?pvs=21)en und für seine Elementarkosten (https://www.notion.so/Elementarkosten-fea3906dd57841dfb44fe508414a2ce9?pvs=21) eine andere Konstante (https://www.notion.so/Konstante-bafefdffb74944b09dc4f9de10183b2d?pvs=21) mit ihm vers (https://www.notion.so/vers-6a91c6bfe98549699eed7a53885c2d9b?pvs=21)ehen.","Aqua (https://www.notion.so/Aqua-8c3b1bb2cc364f6ba274d390ac8d3800?pvs=21), 3",https://cdn.discordapp.com/attachments/1140326119963377664/1150257950997364736/itschotsch_large_medieval_well_epic_structure_waves_clashing_by_7c8e645a-52d1-4951-9f7e-8031ec4f5f90.png,,,,Struktur (https://www.notion.so/Struktur-250f6a4ce7d64e348d5b38276ba2d0a1?pvs=21),,,Starterdeck Aqua (https://www.notion.so/Starterdeck-Aqua-6b2d4d985fa943b5bb176dca75aca258?pvs=21),Untested,Jan Appel
Sache (https://www.notion.so/Sache-01fa783543da4ed2964edb521e465bd0?pvs=21),Jungbrunnen,"Wenn der Jungbrunnen (https://www.notion.so/Jungbrunnen-09524568d6ff4fa4bf04ac56bcb0fefd?pvs=21) noch leb (https://www.notion.so/leb-692df7818193496192e870be274ab13b?pvs=21)t, nachdem er verteidig (https://www.notion.so/verteidig-839e6f9d7cbd46cebaa3c27a3d39a179?pvs=21)t, vers (https://www.notion.so/vers-6a91c6bfe98549699eed7a53885c2d9b?pvs=21)ieh eine andere Konstante (https://www.notion.so/Konstante-bafefdffb74944b09dc4f9de10183b2d?pvs=21) mit einen Schild (https://www.notion.so/Schild-7d85c5583f0144ad94a6d3532be61da0?pvs=21), ohne Elementarkosten (https://www.notion.so/Elementarkosten-fea3906dd57841dfb44fe508414a2ce9?pvs=21) zu zahlen.","Aqua (https://www.notion.so/Aqua-8c3b1bb2cc364f6ba274d390ac8d3800?pvs=21), 5",https://cdn.discordapp.com/attachments/1140326119963377664/1150260029526638592/itschotsch_beautiful_medieval_well_fountain_of_youth_spring_sum_af6a4272-e04f-4fd5-9d94-25442ac36d6f.png,0,40,,Struktur (https://www.notion.so/Struktur-250f6a4ce7d64e348d5b38276ba2d0a1?pvs=21),,,Starterdeck Aqua (https://www.notion.so/Starterdeck-Aqua-6b2d4d985fa943b5bb176dca75aca258?pvs=21),Untested,Jan Appel
Ritual (https://www.notion.so/Ritual-eff2926a20744f63b63ea77a6d71edd9?pvs=21),Ritual des Ewigen Urquell,"1. Kontrolliere mindestens 3 Aqua (https://www.notion.so/Aqua-8c3b1bb2cc364f6ba274d390ac8d3800?pvs=21)-Elementkarte (https://www.notion.so/Elementkarte-2b9adcd059614612bb0133aece543b8a?pvs=21)n → zieh (https://www.notion.so/zieh-b15d78fb02034a8f94b549601fe794f5?pvs=21)e 1 Karte (https://www.notion.so/Karte-6ddef2a437ec4b918cdc8a75c9262128?pvs=21).
2. zieh (https://www.notion.so/zieh-b15d78fb02034a8f94b549601fe794f5?pvs=21)e in 1 Zug (https://www.notion.so/Zug-1dea8b0b0db6480ea14c8b3f2d6dda20?pvs=21) mehrere Karte (https://www.notion.so/Karte-6ddef2a437ec4b918cdc8a75c9262128?pvs=21)n → zieh (https://www.notion.so/zieh-b15d78fb02034a8f94b549601fe794f5?pvs=21)e 1 Karte (https://www.notion.so/Karte-6ddef2a437ec4b918cdc8a75c9262128?pvs=21) und spiel (https://www.notion.so/spiel-b5c878a58a374f5282838f3bb3b69799?pvs=21)e eine zusätzliche Aqua (https://www.notion.so/Aqua-8c3b1bb2cc364f6ba274d390ac8d3800?pvs=21)-Elementkarte (https://www.notion.so/Elementkarte-2b9adcd059614612bb0133aece543b8a?pvs=21).
3. Lasse in 1 Zug (https://www.notion.so/Zug-1dea8b0b0db6480ea14c8b3f2d6dda20?pvs=21) Karte (https://www.notion.so/Karte-6ddef2a437ec4b918cdc8a75c9262128?pvs=21)n für GesamtElementarkosten (https://www.notion.so/Elementarkosten-fea3906dd57841dfb44fe508414a2ce9?pvs=21) von mindestens 7 Aqua (https://www.notion.so/Aqua-8c3b1bb2cc364f6ba274d390ac8d3800?pvs=21) ersch (https://www.notion.so/ersch-0e02f231f9ed4e67bd55eada1e50b09e?pvs=21)einen → such (https://www.notion.so/such-97002fcad18b4a7ba59c8706c1742c2f?pvs=21)e und spiel (https://www.notion.so/spiel-b5c878a58a374f5282838f3bb3b69799?pvs=21)e Ewiger Urquell (https://www.notion.so/Ewiger-Urquell-c3c61448100e4c8ab27ce089b7876bcb?pvs=21), ohne Elementarkosten (https://www.notion.so/Elementarkosten-fea3906dd57841dfb44fe508414a2ce9?pvs=21) zu zahlen.","Aqua (https://www.notion.so/Aqua-8c3b1bb2cc364f6ba274d390ac8d3800?pvs=21), 3",https://cdn.discordapp.com/attachments/1140326119963377664/1151133009492312135/itschotsch_beautiful_magical_ritual_around_a_water_source_water_b7bfd1e5-7512-42ab-bb63-23f7e4ac7de6.png,0,50,,,,Draw-Support,Starterdeck Aqua (https://www.notion.so/Starterdeck-Aqua-6b2d4d985fa943b5bb176dca75aca258?pvs=21),Untested,Jan Appel
Sache (https://www.notion.so/Sache-01fa783543da4ed2964edb521e465bd0?pvs=21),Ewiger Urquell,D (https://www.notion.so/D-b1303df2f24d4014b6316e53f3e74243?pvs=21)u hast keine maximale Hand (https://www.notion.so/Hand-02eed85235d546fc8cd87be30bc8b7c8?pvs=21)kartenzahl.,"Aqua (https://www.notion.so/Aqua-8c3b1bb2cc364f6ba274d390ac8d3800?pvs=21), 4 oder Terra (https://www.notion.so/Terra-a6762ab5136d4598aafb8d77da6be70f?pvs=21), 4",https://cdn.discordapp.com/attachments/1140326119963377664/1150260613566713866/itschotsch_beautiful_water_source_in_the_forest_spring_summer_d_e8f108bb-eea7-4aa7-acf6-c4a8c377fdec.png,0,50,,Struktur (https://www.notion.so/Struktur-250f6a4ce7d64e348d5b38276ba2d0a1?pvs=21),,Draw-Support,"Starterdeck Aqua (https://www.notion.so/Starterdeck-Aqua-6b2d4d985fa943b5bb176dca75aca258?pvs=21), Starterdeck Terra (https://www.notion.so/Starterdeck-Terra-200f435487934141a36042450b2b0db3?pvs=21)",Untested,Jan Appel
Ereignis (https://www.notion.so/Ereignis-88e179fa1fd740499a32ee3ed4377596?pvs=21),Sintflut,zerstör (https://www.notion.so/zerst-r-353ca16d2f8a4864a2987a024552914f?pvs=21)e alle Konstante (https://www.notion.so/Konstante-bafefdffb74944b09dc4f9de10183b2d?pvs=21)n auf dem Schlachtfeld (https://www.notion.so/Schlachtfeld-00d6e8bce1a7450e917e836d0bf3b24e?pvs=21). Alle Spieler (https://www.notion.so/Spieler-8f9b118372384c41817b4234398dfa75?pvs=21) zieh (https://www.notion.so/zieh-b15d78fb02034a8f94b549601fe794f5?pvs=21)en eine Karte (https://www.notion.so/Karte-6ddef2a437ec4b918cdc8a75c9262128?pvs=21).,"Aqua (https://www.notion.so/Aqua-8c3b1bb2cc364f6ba274d390ac8d3800?pvs=21), 4",https://cdn.discordapp.com/attachments/1140326119963377664/1150457937744109719/itschotsch_massive_dramatic_rushing_torrential_flood_foamy_wate_d3560762-81e5-4436-8fdc-2725fdbfa000.png,,,,,,Board clear,Starterdeck Aqua (https://www.notion.so/Starterdeck-Aqua-6b2d4d985fa943b5bb176dca75aca258?pvs=21),Untested,Jan Appel
Ereignis (https://www.notion.so/Ereignis-88e179fa1fd740499a32ee3ed4377596?pvs=21),Wilde Wogen,"zerstör (https://www.notion.so/zerst-r-353ca16d2f8a4864a2987a024552914f?pvs=21)e $x$ Charakter (https://www.notion.so/Charakter-cdfda7ca52aa435bbb22610007798d2f?pvs=21)e D (https://www.notion.so/D-b1303df2f24d4014b6316e53f3e74243?pvs=21)einer Wahl, wobei $x$ die Anzahl (https://www.notion.so/Anzahl-09cf5acb69fa4d5ea84c749a17cf2bb0?pvs=21) D (https://www.notion.so/D-b1303df2f24d4014b6316e53f3e74243?pvs=21)einer Schild (https://www.notion.so/Schild-7d85c5583f0144ad94a6d3532be61da0?pvs=21)e ist.","Aqua (https://www.notion.so/Aqua-8c3b1bb2cc364f6ba274d390ac8d3800?pvs=21), $2+2x$",https://cdn.discordapp.com/attachments/1140326119963377664/1150458520123228220/itschotsch_massive_dramatic_tall_wave_foaming_water_splashing_b_e0501fe4-73f5-4eee-9d03-d8a424b24090.png,,,,,,Board clear,Starterdeck Aqua (https://www.notion.so/Starterdeck-Aqua-6b2d4d985fa943b5bb176dca75aca258?pvs=21),Untested,Jan Appel
Ereignis (https://www.notion.so/Ereignis-88e179fa1fd740499a32ee3ed4377596?pvs=21),Steter Tropfen,"zerstör (https://www.notion.so/zerst-r-353ca16d2f8a4864a2987a024552914f?pvs=21)e alle Konstante (https://www.notion.so/Konstante-bafefdffb74944b09dc4f9de10183b2d?pvs=21)n mit Elementarkosten (https://www.notion.so/Elementarkosten-fea3906dd57841dfb44fe508414a2ce9?pvs=21) $x$. Falls dabei Konstante (https://www.notion.so/Konstante-bafefdffb74944b09dc4f9de10183b2d?pvs=21)n zerstör (https://www.notion.so/zerst-r-353ca16d2f8a4864a2987a024552914f?pvs=21)t werden, spiele Steter Tropfen (https://www.notion.so/Steter-Tropfen-97c7af5d6e1d40909e7753429a2cdb29?pvs=21) mit $x+1$. Beginne mit $x=1$.","Aqua (https://www.notion.so/Aqua-8c3b1bb2cc364f6ba274d390ac8d3800?pvs=21), 2",https://cdn.discordapp.com/attachments/1140326119963377664/1150461074362081372/itschotsch_close-up_macro_shot_of_water_drop_falling_onto_rock__08273bf1-5e9c-422e-8aa9-9d458b23866d.png,,,,,,Board clear,Starterdeck Aqua (https://www.notion.so/Starterdeck-Aqua-6b2d4d985fa943b5bb176dca75aca258?pvs=21),Untested,Jan Appel
Ereignis (https://www.notion.so/Ereignis-88e179fa1fd740499a32ee3ed4377596?pvs=21),Ebbe,"Zahle $x$ Aqua (https://www.notion.so/Aqua-710cb303190e42c187c5b6603253aa7a?pvs=21): plan (https://www.notion.so/plan-75375ecda7fa415a8b626a3c14cdf4eb?pvs=21)e $x$ Karte (https://www.notion.so/Karte-6ddef2a437ec4b918cdc8a75c9262128?pvs=21)n.
Wenn D (https://www.notion.so/D-b1303df2f24d4014b6316e53f3e74243?pvs=21)u in diesem Zug (https://www.notion.so/Zug-1dea8b0b0db6480ea14c8b3f2d6dda20?pvs=21) die Sintflut (https://www.notion.so/Sintflut-7c480809ddfd41a5b14009dda9b51099?pvs=21) gespiel (https://www.notion.so/spiel-b5c878a58a374f5282838f3bb3b69799?pvs=21)t hast, such (https://www.notion.so/such-97002fcad18b4a7ba59c8706c1742c2f?pvs=21)e die Springflut (https://www.notion.so/Springflut-8bc81b75064342c68c5596d2db5193bf?pvs=21) aus D (https://www.notion.so/D-b1303df2f24d4014b6316e53f3e74243?pvs=21)einem Deck (https://www.notion.so/Deck-12e336df2ea64e2194cabce2e4d93d61?pvs=21) und spiel (https://www.notion.so/spiel-b5c878a58a374f5282838f3bb3b69799?pvs=21)e sie, ohne ihre Elementarkosten (https://www.notion.so/Elementarkosten-fea3906dd57841dfb44fe508414a2ce9?pvs=21) zu bezahlen.","Aqua (https://www.notion.so/Aqua-8c3b1bb2cc364f6ba274d390ac8d3800?pvs=21), 4","Starterdeck%20Aqua%206b2d4d985fa943b5bb176dca75aca258/00083-2294322753.png, Starterdeck%20Aqua%206b2d4d985fa943b5bb176dca75aca258/00079-895315652.png, Starterdeck%20Aqua%206b2d4d985fa943b5bb176dca75aca258/00076-2101063357.png",,,,,,,Starterdeck Aqua (https://www.notion.so/Starterdeck-Aqua-6b2d4d985fa943b5bb176dca75aca258?pvs=21),Untested,Jan Appel
Ereignis (https://www.notion.so/Ereignis-88e179fa1fd740499a32ee3ed4377596?pvs=21),Flut,"Zahle $2x$ Aqua (https://www.notion.so/Aqua-710cb303190e42c187c5b6603253aa7a?pvs=21): zieh (https://www.notion.so/zieh-b15d78fb02034a8f94b549601fe794f5?pvs=21)e $x$ Karte (https://www.notion.so/Karte-6ddef2a437ec4b918cdc8a75c9262128?pvs=21)n.
Wenn D (https://www.notion.so/D-b1303df2f24d4014b6316e53f3e74243?pvs=21)u in diesem Zug (https://www.notion.so/Zug-1dea8b0b0db6480ea14c8b3f2d6dda20?pvs=21) die Ebbe (https://www.notion.so/Ebbe-58acd68eedf84da7bfbf8b50233a8693?pvs=21) gespiel (https://www.notion.so/spiel-b5c878a58a374f5282838f3bb3b69799?pvs=21)t hast, such (https://www.notion.so/such-97002fcad18b4a7ba59c8706c1742c2f?pvs=21)e die Springflut (https://www.notion.so/Springflut-8bc81b75064342c68c5596d2db5193bf?pvs=21) aus D (https://www.notion.so/D-b1303df2f24d4014b6316e53f3e74243?pvs=21)einem Deck (https://www.notion.so/Deck-12e336df2ea64e2194cabce2e4d93d61?pvs=21) und spiel (https://www.notion.so/spiel-b5c878a58a374f5282838f3bb3b69799?pvs=21)e sie, ohne ihre Elementarkosten (https://www.notion.so/Elementarkosten-fea3906dd57841dfb44fe508414a2ce9?pvs=21) zu bezahlen.","Aqua (https://www.notion.so/Aqua-8c3b1bb2cc364f6ba274d390ac8d3800?pvs=21), 2",Starterdeck%20Aqua%206b2d4d985fa943b5bb176dca75aca258/00100-709031558.png,,,,,,,Starterdeck Aqua (https://www.notion.so/Starterdeck-Aqua-6b2d4d985fa943b5bb176dca75aca258?pvs=21),Untested,Jan Appel
Legende (https://www.notion.so/Legende-3982764085c2477e827623c38aec8f98?pvs=21),Springflut,"1. Runde (https://www.notion.so/Runde-d203b45604604e129e5015129b597641?pvs=21): entdeck (https://www.notion.so/entdeck-bc14ca1b366b418397d988c1c99579f6?pvs=21)e 3 Charakter (https://www.notion.so/Charakter-cdfda7ca52aa435bbb22610007798d2f?pvs=21) aus D (https://www.notion.so/D-b1303df2f24d4014b6316e53f3e74243?pvs=21)einem Deck (https://www.notion.so/Deck-12e336df2ea64e2194cabce2e4d93d61?pvs=21) und nimm sie auf (https://www.notion.so/auf-e5bc4ea646fa468aa4d0ee5800a3c5e2?pvs=21) die Hand (https://www.notion.so/Hand-02eed85235d546fc8cd87be30bc8b7c8?pvs=21).
2. Runde (https://www.notion.so/Runde-d203b45604604e129e5015129b597641?pvs=21): spiel (https://www.notion.so/spiel-b5c878a58a374f5282838f3bb3b69799?pvs=21)e bis zu 3 Charakter (https://www.notion.so/Charakter-cdfda7ca52aa435bbb22610007798d2f?pvs=21)e irgendwelcher Elementarkosten (https://www.notion.so/Elementarkosten-fea3906dd57841dfb44fe508414a2ce9?pvs=21) für 1 Aqua (https://www.notion.so/Aqua-710cb303190e42c187c5b6603253aa7a?pvs=21).
3. Runde (https://www.notion.so/Runde-d203b45604604e129e5015129b597641?pvs=21): zerstör (https://www.notion.so/zerst-r-353ca16d2f8a4864a2987a024552914f?pvs=21)e alle Charakter (https://www.notion.so/Charakter-cdfda7ca52aa435bbb22610007798d2f?pvs=21)e auf dem Schlachtfeld (https://www.notion.so/Schlachtfeld-00d6e8bce1a7450e917e836d0bf3b24e?pvs=21).","Aqua (https://www.notion.so/Aqua-8c3b1bb2cc364f6ba274d390ac8d3800?pvs=21), 9",https://cdn.discordapp.com/attachments/1140326119963377664/1151088325092974602/itschotsch_large_massive_waves_against_a_harbor_quay_wall_by_pe_e83fd377-48e0-45c2-a352-23c58d0dccf3.png,0,50,,,,Board clear,Starterdeck Aqua (https://www.notion.so/Starterdeck-Aqua-6b2d4d985fa943b5bb176dca75aca258?pvs=21),Untested,Jan Appel
Sache (https://www.notion.so/Sache-01fa783543da4ed2964edb521e465bd0?pvs=21),Fluss der Neugierde,"zieh (https://www.notion.so/zieh-b15d78fb02034a8f94b549601fe794f5?pvs=21)e zwei statt einer Karte (https://www.notion.so/Karte-6ddef2a437ec4b918cdc8a75c9262128?pvs=21) zu Beginn D (https://www.notion.so/D-b1303df2f24d4014b6316e53f3e74243?pvs=21)eines Zug (https://www.notion.so/Zug-1dea8b0b0db6480ea14c8b3f2d6dda20?pvs=21)s. spiele die billigere, ohne die Elementarkosten (https://www.notion.so/Elementarkosten-fea3906dd57841dfb44fe508414a2ce9?pvs=21) zu bezahlen.","Aqua (https://www.notion.so/Aqua-8c3b1bb2cc364f6ba274d390ac8d3800?pvs=21), 5",https://cdn.discordapp.com/attachments/1140326119963377664/1151090506709860352/itschotsch_beautiful_magic_glowing_blue_river_beautiful_forest__49331638-eac8-4a85-b4d4-4c0a99ed32f3.png,0,20,,,,Draw,Starterdeck Aqua (https://www.notion.so/Starterdeck-Aqua-6b2d4d985fa943b5bb176dca75aca258?pvs=21),Untested,Jan Appel
,Fluss der Zeit,"Mache einen zweiten Zug (https://www.notion.so/Zug-1dea8b0b0db6480ea14c8b3f2d6dda20?pvs=21) direkt im Anschluss, ohne D (https://www.notion.so/D-b1303df2f24d4014b6316e53f3e74243?pvs=21)eine Elementkarte (https://www.notion.so/Elementkarte-2b9adcd059614612bb0133aece543b8a?pvs=21)n zu regenerier (https://www.notion.so/regenerier-79d2d18c168c41d683999d2bd25fc7c9?pvs=21)en.","Aqua (https://www.notion.so/Aqua-8c3b1bb2cc364f6ba274d390ac8d3800?pvs=21), 4",https://cdn.discordapp.com/attachments/1140326119963377664/1151095171702861904/itschotsch_hourglass_in_the_center_beautiful_magic_glowing_blue_0a880f4f-057f-4749-a56b-a34b3c130a8a.png,,,,,,,Starterdeck Aqua (https://www.notion.so/Starterdeck-Aqua-6b2d4d985fa943b5bb176dca75aca258?pvs=21),Untested,Jan Appel
Sache (https://www.notion.so/Sache-01fa783543da4ed2964edb521e465bd0?pvs=21),Versiegter Brunnen,"vers (https://www.notion.so/vers-6a91c6bfe98549699eed7a53885c2d9b?pvs=21)ieh einen beliebigen Spieler (https://www.notion.so/Spieler-8f9b118372384c41817b4234398dfa75?pvs=21) mit Versiegter Brunnen (https://www.notion.so/Versiegter-Brunnen-19665096f59e4daa90d45da2ca4cd6db?pvs=21). Solange kann der Spieler (https://www.notion.so/Spieler-8f9b118372384c41817b4234398dfa75?pvs=21) keine Karte (https://www.notion.so/Karte-6ddef2a437ec4b918cdc8a75c9262128?pvs=21)n zieh (https://www.notion.so/zieh-b15d78fb02034a8f94b549601fe794f5?pvs=21)en. Am Ende jeden Zug (https://www.notion.so/Zug-1dea8b0b0db6480ea14c8b3f2d6dda20?pvs=21)es darf der vers (https://www.notion.so/vers-6a91c6bfe98549699eed7a53885c2d9b?pvs=21)ehene Spieler (https://www.notion.so/Spieler-8f9b118372384c41817b4234398dfa75?pvs=21) 1 Aqua (https://www.notion.so/Aqua-710cb303190e42c187c5b6603253aa7a?pvs=21) bezahlen, um Versiegter Brunnen (https://www.notion.so/Versiegter-Brunnen-19665096f59e4daa90d45da2ca4cd6db?pvs=21) zu zerstör (https://www.notion.so/zerst-r-353ca16d2f8a4864a2987a024552914f?pvs=21)en, oder 1 beliebiges Element (https://www.notion.so/Element-0c6eab460133447db29c66c512586863?pvs=21) bezahlen, um einen anderen Spieler (https://www.notion.so/Spieler-8f9b118372384c41817b4234398dfa75?pvs=21) damit zu vers (https://www.notion.so/vers-6a91c6bfe98549699eed7a53885c2d9b?pvs=21)ehen.","Aqua (https://www.notion.so/Aqua-8c3b1bb2cc364f6ba274d390ac8d3800?pvs=21), 2",https://cdn.discordapp.com/attachments/1140326119963377664/1151096425120288850/itschotsch_dried_up_well_fountain_cracks_drought_bright_colors__a3ab8e2b-8f75-4b32-85bf-e8ee0a87f904.png,0,20,,,,,Starterdeck Aqua (https://www.notion.so/Starterdeck-Aqua-6b2d4d985fa943b5bb176dca75aca258?pvs=21),Untested,Jan Appel
Charakter (https://www.notion.so/Charakter-cdfda7ca52aa435bbb22610007798d2f?pvs=21),Stacheliger Kugelfisch,"Wenn Stacheliger Kugelfisch (https://www.notion.so/Stacheliger-Kugelfisch-be275f692d6e4183baa985c2d2afe8fd?pvs=21) verteidig (https://www.notion.so/verteidig-839e6f9d7cbd46cebaa3c27a3d39a179?pvs=21)t, wird die angr (https://www.notion.so/gr-67b7334ca6da4432b1b2462f108f30e1?pvs=21)eifende Karte (https://www.notion.so/Karte-6ddef2a437ec4b918cdc8a75c9262128?pvs=21) zerstör (https://www.notion.so/zerst-r-353ca16d2f8a4864a2987a024552914f?pvs=21)t.","Aqua (https://www.notion.so/Aqua-8c3b1bb2cc364f6ba274d390ac8d3800?pvs=21), 3","Starterdeck%20Aqua%206b2d4d985fa943b5bb176dca75aca258/00116-4223229129.png, Starterdeck%20Aqua%206b2d4d985fa943b5bb176dca75aca258/00105-4251622031.png",10,10,,,,Deathtouch bei Verteidigung,Starterdeck Aqua (https://www.notion.so/Starterdeck-Aqua-6b2d4d985fa943b5bb176dca75aca258?pvs=21),Untested,Jan Appel
Charakter (https://www.notion.so/Charakter-cdfda7ca52aa435bbb22610007798d2f?pvs=21),Ding aus der Tiefe,"Wenn das Ding aus der Tiefe (https://www.notion.so/Ding-aus-der-Tiefe-fefde341406542c6b89d8660745d4660?pvs=21) ersch (https://www.notion.so/ersch-0e02f231f9ed4e67bd55eada1e50b09e?pvs=21)eint, zerstör (https://www.notion.so/zerst-r-353ca16d2f8a4864a2987a024552914f?pvs=21)e eine beliebige Auswahl (https://www.notion.so/Auswahl-0a18c0ac8baa47b59e780d173eaf6e42?pvs=21) D (https://www.notion.so/D-b1303df2f24d4014b6316e53f3e74243?pvs=21)einer Charakter (https://www.notion.so/Charakter-cdfda7ca52aa435bbb22610007798d2f?pvs=21)e und lege sie unter diese Karte (https://www.notion.so/Karte-6ddef2a437ec4b918cdc8a75c9262128?pvs=21). Immer, wenn das Ding aus der Tiefe (https://www.notion.so/Ding-aus-der-Tiefe-fefde341406542c6b89d8660745d4660?pvs=21) einen Charakter (https://www.notion.so/Charakter-cdfda7ca52aa435bbb22610007798d2f?pvs=21) zerstör (https://www.notion.so/zerst-r-353ca16d2f8a4864a2987a024552914f?pvs=21)t, lege ihn ebenfalls unter diese Karte (https://www.notion.so/Karte-6ddef2a437ec4b918cdc8a75c9262128?pvs=21). Angriffswert (https://www.notion.so/Angriffswert-08a93843021a40dba6e7e34862f163fa?pvs=21) und Verteidigungswert (https://www.notion.so/Verteidigungswert-e67635d2fccf454d85d29b869ee8b6ff?pvs=21) des Ding aus der Tiefe (https://www.notion.so/Ding-aus-der-Tiefe-fefde341406542c6b89d8660745d4660?pvs=21) sind stets die entsprechenden Summen der unter ihm liegenden Karte (https://www.notion.so/Karte-6ddef2a437ec4b918cdc8a75c9262128?pvs=21)n.","Aqua (https://www.notion.so/Aqua-8c3b1bb2cc364f6ba274d390ac8d3800?pvs=21), 6","https://cdn.discordapp.com/attachments/1140326119963377664/1150468909787516938/itschotsch_silhouette_of_unrecognizable_dramatic_massive_tentac_4b32ed08-2816-4a11-9f9c-74463defb49a.png, Starterdeck%20Aqua%206b2d4d985fa943b5bb176dca75aca258/00042-4278159929.png",0,0,,Ungeheuer (https://www.notion.so/Ungeheuer-ea8dd894ff144b2681751cf979fbde0e?pvs=21),,,Starterdeck Aqua (https://www.notion.so/Starterdeck-Aqua-6b2d4d985fa943b5bb176dca75aca258?pvs=21),Untested,Jan Appel
Charakter (https://www.notion.so/Charakter-cdfda7ca52aa435bbb22610007798d2f?pvs=21),Meerjungfrau Marna,"Elementarkosten (https://www.notion.so/Elementarkosten-fea3906dd57841dfb44fe508414a2ce9?pvs=21) von anderen Wasservolk (https://www.notion.so/Wasservolk-b386959c2a2a4620831ab292927083aa?pvs=21)-Karte (https://www.notion.so/Karte-6ddef2a437ec4b918cdc8a75c9262128?pvs=21)n sind um 2 Aqua (https://www.notion.so/Aqua-8c3b1bb2cc364f6ba274d390ac8d3800?pvs=21) reduziert.
Wenn Meerjungfrau Marna (https://www.notion.so/Meerjungfrau-Marna-bea5a1b4be7940fdb3c40ddc0b966608?pvs=21) angr (https://www.notion.so/gr-67b7334ca6da4432b1b2462f108f30e1?pvs=21)eift, darfst D (https://www.notion.so/D-b1303df2f24d4014b6316e53f3e74243?pvs=21)u den Wassermann Torlan (https://www.notion.so/Wassermann-Torlan-831de7267ffa4a5ca40736c2068d30ea?pvs=21) such (https://www.notion.so/such-97002fcad18b4a7ba59c8706c1742c2f?pvs=21)en und spiel (https://www.notion.so/spiel-b5c878a58a374f5282838f3bb3b69799?pvs=21)en.","Aqua (https://www.notion.so/Aqua-8c3b1bb2cc364f6ba274d390ac8d3800?pvs=21), 3","Starterdeck%20Aqua%206b2d4d985fa943b5bb176dca75aca258/00013-2959953176.png, https://cdn.discordapp.com/attachments/1140326119963377664/1150521570029211698/itschotsch_wide_shot_of_stunning_beautiful_young_mermaid_with_a_cf593150-f43e-4c84-86b9-9e166838422e.png",15,20,Wasservolk (https://www.notion.so/Wasservolk-b386959c2a2a4620831ab292927083aa?pvs=21),Magisches Wesen (https://www.notion.so/Magisches-Wesen-416ecc433e6d4261a4640d1384950176?pvs=21),,,Starterdeck Aqua (https://www.notion.so/Starterdeck-Aqua-6b2d4d985fa943b5bb176dca75aca258?pvs=21),Untested,Jan Appel
Charakter (https://www.notion.so/Charakter-cdfda7ca52aa435bbb22610007798d2f?pvs=21),Wassermann Torlan,"Elementarkosten (https://www.notion.so/Elementarkosten-fea3906dd57841dfb44fe508414a2ce9?pvs=21) von anderen Wasservolk (https://www.notion.so/Wasservolk-b386959c2a2a4620831ab292927083aa?pvs=21)-Karte (https://www.notion.so/Karte-6ddef2a437ec4b918cdc8a75c9262128?pvs=21)n sind um 2 Aqua (https://www.notion.so/Aqua-8c3b1bb2cc364f6ba274d390ac8d3800?pvs=21) reduziert.
Wenn Wassermann Torlan (https://www.notion.so/Wassermann-Torlan-831de7267ffa4a5ca40736c2068d30ea?pvs=21) verteidig (https://www.notion.so/verteidig-839e6f9d7cbd46cebaa3c27a3d39a179?pvs=21)t, darfst D (https://www.notion.so/D-b1303df2f24d4014b6316e53f3e74243?pvs=21)u die Meerjungfrau Marna (https://www.notion.so/Meerjungfrau-Marna-bea5a1b4be7940fdb3c40ddc0b966608?pvs=21) such (https://www.notion.so/such-97002fcad18b4a7ba59c8706c1742c2f?pvs=21)en und spiel (https://www.notion.so/spiel-b5c878a58a374f5282838f3bb3b69799?pvs=21)en.","Aqua (https://www.notion.so/Aqua-8c3b1bb2cc364f6ba274d390ac8d3800?pvs=21), 3",,20,15,Wasservolk (https://www.notion.so/Wasservolk-b386959c2a2a4620831ab292927083aa?pvs=21),Magisches Wesen (https://www.notion.so/Magisches-Wesen-416ecc433e6d4261a4640d1384950176?pvs=21),,,Starterdeck Aqua (https://www.notion.so/Starterdeck-Aqua-6b2d4d985fa943b5bb176dca75aca258?pvs=21),Untested,Jan Appel
Charakter (https://www.notion.so/Charakter-cdfda7ca52aa435bbb22610007798d2f?pvs=21),Nymphe Nerida,"Wenn die Nymphe Nerida (https://www.notion.so/Nymphe-Nerida-8f0683beacc94954b0a9523b2fa66107?pvs=21) ersch (https://www.notion.so/ersch-0e02f231f9ed4e67bd55eada1e50b09e?pvs=21)eint, darfst D (https://www.notion.so/D-b1303df2f24d4014b6316e53f3e74243?pvs=21)u eine Elementkarte (https://www.notion.so/Elementkarte-2b9adcd059614612bb0133aece543b8a?pvs=21) spielen.
Wenn die Nymphe Nerida (https://www.notion.so/Nymphe-Nerida-8f0683beacc94954b0a9523b2fa66107?pvs=21) verschwind (https://www.notion.so/verschwind-43bb30ae08cb45c7a465f320d7ca5f91?pvs=21)et, musst D (https://www.notion.so/D-b1303df2f24d4014b6316e53f3e74243?pvs=21)u eine Deiner Elementkarte (https://www.notion.so/Elementkarte-2b9adcd059614612bb0133aece543b8a?pvs=21)n zerstör (https://www.notion.so/zerst-r-353ca16d2f8a4864a2987a024552914f?pvs=21)en.","Aqua (https://www.notion.so/Aqua-8c3b1bb2cc364f6ba274d390ac8d3800?pvs=21), 4","Starterdeck%20Aqua%206b2d4d985fa943b5bb176dca75aca258/00012-2959953175.png, https://cdn.discordapp.com/attachments/1140326119963377664/1150519764880470187/itschotsch_wide_shot_of_stunning_beautiful_young_mermaid_with_a_b817e8cb-3886-4056-bb1b-d5f57f4f0838.png",20,20,Wasservolk (https://www.notion.so/Wasservolk-b386959c2a2a4620831ab292927083aa?pvs=21),Magisches Wesen (https://www.notion.so/Magisches-Wesen-416ecc433e6d4261a4640d1384950176?pvs=21),,,Starterdeck Aqua (https://www.notion.so/Starterdeck-Aqua-6b2d4d985fa943b5bb176dca75aca258?pvs=21),Untested,Jan Appel
Charakter (https://www.notion.so/Charakter-cdfda7ca52aa435bbb22610007798d2f?pvs=21),Nixe Arvia,"vers (https://www.notion.so/vers-6a91c6bfe98549699eed7a53885c2d9b?pvs=21)ieh einen beliebigen Charakter (https://www.notion.so/Charakter-cdfda7ca52aa435bbb22610007798d2f?pvs=21) mit der Nixe Arvia (https://www.notion.so/Nixe-Arvia-c96c2162ea524e7da5071d642203889f?pvs=21). Der vers (https://www.notion.so/vers-6a91c6bfe98549699eed7a53885c2d9b?pvs=21)ehene Charakter (https://www.notion.so/Charakter-cdfda7ca52aa435bbb22610007798d2f?pvs=21) hat solange ohnmächtig (https://www.notion.so/ohnm-chtig-052e31a81ae24fb5ac51512957908c0d?pvs=21) und die Nixe Arvia (https://www.notion.so/Nixe-Arvia-c96c2162ea524e7da5071d642203889f?pvs=21) kann angegr (https://www.notion.so/gr-67b7334ca6da4432b1b2462f108f30e1?pvs=21)iffen werden, aber nicht angr (https://www.notion.so/gr-67b7334ca6da4432b1b2462f108f30e1?pvs=21)eifen.","Aqua (https://www.notion.so/Aqua-8c3b1bb2cc364f6ba274d390ac8d3800?pvs=21), 4",Starterdeck%20Aqua%206b2d4d985fa943b5bb176dca75aca258/00051-4278159930.png,0,30,Wasservolk (https://www.notion.so/Wasservolk-b386959c2a2a4620831ab292927083aa?pvs=21),Magisches Wesen (https://www.notion.so/Magisches-Wesen-416ecc433e6d4261a4640d1384950176?pvs=21),,,Starterdeck Aqua (https://www.notion.so/Starterdeck-Aqua-6b2d4d985fa943b5bb176dca75aca258?pvs=21),Untested,Jan Appel
Charakter (https://www.notion.so/Charakter-cdfda7ca52aa435bbb22610007798d2f?pvs=21),Sirene Thalassa,"vers (https://www.notion.so/vers-6a91c6bfe98549699eed7a53885c2d9b?pvs=21)ieh einen beliebigen Charakter (https://www.notion.so/Charakter-cdfda7ca52aa435bbb22610007798d2f?pvs=21) mit der Sirene Thalassa (https://www.notion.so/Sirene-Thalassa-01693bf0618c4bd29e710b24869cf3df?pvs=21), dessen Angriffswert (https://www.notion.so/Angriffswert-08a93843021a40dba6e7e34862f163fa?pvs=21) und Verteidigungswert (https://www.notion.so/Verteidigungswert-e67635d2fccf454d85d29b869ee8b6ff?pvs=21) zusammen nicht höher als 100 ist. Der versehene Charakter (https://www.notion.so/Charakter-cdfda7ca52aa435bbb22610007798d2f?pvs=21) ist solange unter D (https://www.notion.so/D-b1303df2f24d4014b6316e53f3e74243?pvs=21)einer kontr (https://www.notion.so/kontr-2b98ac3701c74c8db29660ccd548453e?pvs=21)olle.","Aqua (https://www.notion.so/Aqua-8c3b1bb2cc364f6ba274d390ac8d3800?pvs=21), 5",Starterdeck%20Aqua%206b2d4d985fa943b5bb176dca75aca258/00054-4278159929.png,25,25,Wasservolk (https://www.notion.so/Wasservolk-b386959c2a2a4620831ab292927083aa?pvs=21),Magisches Wesen (https://www.notion.so/Magisches-Wesen-416ecc433e6d4261a4640d1384950176?pvs=21),,,Starterdeck Aqua (https://www.notion.so/Starterdeck-Aqua-6b2d4d985fa943b5bb176dca75aca258?pvs=21),Untested,Jan Appel
Sache (https://www.notion.so/Sache-01fa783543da4ed2964edb521e465bd0?pvs=21),Seemannsgarn,"Entscheide D (https://www.notion.so/D-b1303df2f24d4014b6316e53f3e74243?pvs=21)ich zu Beginn D (https://www.notion.so/D-b1303df2f24d4014b6316e53f3e74243?pvs=21)eines Zug (https://www.notion.so/Zug-1dea8b0b0db6480ea14c8b3f2d6dda20?pvs=21)es, ob D (https://www.notion.so/D-b1303df2f24d4014b6316e53f3e74243?pvs=21)eine Charakter (https://www.notion.so/Charakter-cdfda7ca52aa435bbb22610007798d2f?pvs=21)e bis zu D (https://www.notion.so/D-b1303df2f24d4014b6316e53f3e74243?pvs=21)einem nächsten Zug (https://www.notion.so/Zug-1dea8b0b0db6480ea14c8b3f2d6dda20?pvs=21)$+10x$ Angriffswert (https://www.notion.so/Angriffswert-08a93843021a40dba6e7e34862f163fa?pvs=21) oder $+10x$ Verteidigungswert (https://www.notion.so/Verteidigungswert-e67635d2fccf454d85d29b869ee8b6ff?pvs=21) haben, wobei $x$ die Anzahl (https://www.notion.so/Anzahl-09cf5acb69fa4d5ea84c749a17cf2bb0?pvs=21) Karte (https://www.notion.so/Karte-6ddef2a437ec4b918cdc8a75c9262128?pvs=21)n ist, die D (https://www.notion.so/D-b1303df2f24d4014b6316e53f3e74243?pvs=21)u seit der Entscheidung zieh (https://www.notion.so/zieh-b15d78fb02034a8f94b549601fe794f5?pvs=21)st.","Aqua (https://www.notion.so/Aqua-8c3b1bb2cc364f6ba274d390ac8d3800?pvs=21), 3",https://cdn.discordapp.com/attachments/1140326119963377664/1150241933457895434/itschotsch_old_sailor_captain_telling_a_story_in_a_dark_harbor__40fad0c2-4da9-4c46-b393-42a2ed5fd4d2.png,5,15,,,,,Starterdeck Aqua (https://www.notion.so/Starterdeck-Aqua-6b2d4d985fa943b5bb176dca75aca258?pvs=21),Untested,Jan Appel
Ereignis (https://www.notion.so/Ereignis-88e179fa1fd740499a32ee3ed4377596?pvs=21),Schrecken der Meere,"Wenn der Schrecken der Meere (https://www.notion.so/Schrecken-der-Meere-9bdb81e6384c4cd28cba9d0150b091fc?pvs=21) ersch (https://www.notion.so/ersch-0e02f231f9ed4e67bd55eada1e50b09e?pvs=21)eint, zerstör (https://www.notion.so/zerst-r-353ca16d2f8a4864a2987a024552914f?pvs=21)e alle D (https://www.notion.so/D-b1303df2f24d4014b6316e53f3e74243?pvs=21)eine Charakter (https://www.notion.so/Charakter-cdfda7ca52aa435bbb22610007798d2f?pvs=21)e. spiel (https://www.notion.so/spiel-b5c878a58a374f5282838f3bb3b69799?pvs=21)e für jeden zerstör (https://www.notion.so/zerst-r-353ca16d2f8a4864a2987a024552914f?pvs=21)ten Charakter (https://www.notion.so/Charakter-cdfda7ca52aa435bbb22610007798d2f?pvs=21) einen Charakter (https://www.notion.so/Charakter-cdfda7ca52aa435bbb22610007798d2f?pvs=21) von D (https://www.notion.so/D-b1303df2f24d4014b6316e53f3e74243?pvs=21)einer Hand (https://www.notion.so/Hand-02eed85235d546fc8cd87be30bc8b7c8?pvs=21).","Aqua (https://www.notion.so/Aqua-8c3b1bb2cc364f6ba274d390ac8d3800?pvs=21), 2","Starterdeck%20Aqua%206b2d4d985fa943b5bb176dca75aca258/00042-4278159929.png, https://cdn.discordapp.com/attachments/1140326119963377664/1150468909787516938/itschotsch_silhouette_of_unrecognizable_dramatic_massive_tentac_4b32ed08-2816-4a11-9f9c-74463defb49a.png",,,,Ungeheuer (https://www.notion.so/Ungeheuer-ea8dd894ff144b2681751cf979fbde0e?pvs=21),,,Starterdeck Aqua (https://www.notion.so/Starterdeck-Aqua-6b2d4d985fa943b5bb176dca75aca258?pvs=21),Untested,Jan Appel
Charakter (https://www.notion.so/Charakter-cdfda7ca52aa435bbb22610007798d2f?pvs=21),Angler Peter,"Wenn Angler Peter (https://www.notion.so/Angler-Peter-617fff15b87d4e40b5e589760c76d825?pvs=21) erscheint, verkünde (https://www.notion.so/verk-nde-60617eed7ae244bab7664a1d221879c2?pvs=21) einen Entitäten (https://www.notion.so/09a479f6a9da4570a428e67ff08006f4?pvs=21)typ. zieh (https://www.notion.so/zieh-b15d78fb02034a8f94b549601fe794f5?pvs=21)e Karte (https://www.notion.so/Karte-6ddef2a437ec4b918cdc8a75c9262128?pvs=21)n von D (https://www.notion.so/D-b1303df2f24d4014b6316e53f3e74243?pvs=21)einem Deck (https://www.notion.so/Deck-12e336df2ea64e2194cabce2e4d93d61?pvs=21), bis D (https://www.notion.so/D-b1303df2f24d4014b6316e53f3e74243?pvs=21)u den verkünde (https://www.notion.so/verk-nde-60617eed7ae244bab7664a1d221879c2?pvs=21)ten Entitäten (https://www.notion.so/09a479f6a9da4570a428e67ff08006f4?pvs=21)typ zieh (https://www.notion.so/zieh-b15d78fb02034a8f94b549601fe794f5?pvs=21)st oder D (https://www.notion.so/D-b1303df2f24d4014b6316e53f3e74243?pvs=21)ein Deck (https://www.notion.so/Deck-12e336df2ea64e2194cabce2e4d93d61?pvs=21) leer ist. Wirf schlussendlich gleich viele Karte (https://www.notion.so/Karte-6ddef2a437ec4b918cdc8a75c9262128?pvs=21)n ab (https://www.notion.so/ab-3f245ce4bda845e09078a709034e2907?pvs=21).","Aqua (https://www.notion.so/Aqua-8c3b1bb2cc364f6ba274d390ac8d3800?pvs=21), 4","Starterdeck%20Aqua%206b2d4d985fa943b5bb176dca75aca258/00014-1520330541.png, https://cdn.discordapp.com/attachments/1140326119963377664/1150464612148457562/itschotsch_old_fisherman_wearing_a_hat_holding_an_old_shoe_stan_35ea3094-0da6-45dd-a4d3-9d6d56ae3c6b.png",15,10,,Abenteurer (https://www.notion.so/Abenteurer-18c618e1fbc44737ad118d41cdbfa787?pvs=21),,,Starterdeck Aqua (https://www.notion.so/Starterdeck-Aqua-6b2d4d985fa943b5bb176dca75aca258?pvs=21),Untested,Jan Appel
Ereignis (https://www.notion.so/Ereignis-88e179fa1fd740499a32ee3ed4377596?pvs=21),Dürre,"sofort (https://www.notion.so/sofort-9c56f076fccf4157b07459dd557d86d7?pvs=21) spielbar.
Alle Spieler (https://www.notion.so/Spieler-8f9b118372384c41817b4234398dfa75?pvs=21) werfen ihre Hand (https://www.notion.so/Hand-02eed85235d546fc8cd87be30bc8b7c8?pvs=21) ab (https://www.notion.so/ab-3f245ce4bda845e09078a709034e2907?pvs=21) und zieh (https://www.notion.so/zieh-b15d78fb02034a8f94b549601fe794f5?pvs=21)en 3 Karte (https://www.notion.so/Karte-6ddef2a437ec4b918cdc8a75c9262128?pvs=21)n.","Aqua (https://www.notion.so/Aqua-8c3b1bb2cc364f6ba274d390ac8d3800?pvs=21), 5",https://cdn.discordapp.com/attachments/1140326119963377664/1151107286249525319/itschotsch_wide_dried_up_land_cracks_drought_bright_colors_digi_a87fab1f-accc-4cf0-be42-2ad06ad042b8.png,,,,,,,Starterdeck Aqua (https://www.notion.so/Starterdeck-Aqua-6b2d4d985fa943b5bb176dca75aca258?pvs=21),Untested,Jan Appel
Charakter (https://www.notion.so/Charakter-cdfda7ca52aa435bbb22610007798d2f?pvs=21),Die Albatross,,"Aqua (https://www.notion.so/Aqua-8c3b1bb2cc364f6ba274d390ac8d3800?pvs=21), 6",https://cdn.discordapp.com/attachments/1140326119963377664/1151132921210609799/itschotsch_beautiful_epic_large_sailing_ship_between_small_trop_bd7b89c2-8652-4a12-bff4-3f72dbd24c9f.png,70,50,,Struktur (https://www.notion.so/Struktur-250f6a4ce7d64e348d5b38276ba2d0a1?pvs=21),,,Starterdeck Aqua (https://www.notion.so/Starterdeck-Aqua-6b2d4d985fa943b5bb176dca75aca258?pvs=21),Untested,Jan Appel
Charakter (https://www.notion.so/Charakter-cdfda7ca52aa435bbb22610007798d2f?pvs=21),Geisterschiff,,,,,,,,,,Herrscher der Meere (https://www.notion.so/Herrscher-der-Meere-4d2e1e99407a48fca8cfa23dd621d925?pvs=21),Idee,Jan Appel
Sache (https://www.notion.so/Sache-01fa783543da4ed2964edb521e465bd0?pvs=21),Tosender Wasserfall,"Immer, wenn D (https://www.notion.so/D-b1303df2f24d4014b6316e53f3e74243?pvs=21)u Karte (https://www.notion.so/Karte-6ddef2a437ec4b918cdc8a75c9262128?pvs=21)n zieh (https://www.notion.so/zieh-b15d78fb02034a8f94b549601fe794f5?pvs=21)st, zieh (https://www.notion.so/zieh-b15d78fb02034a8f94b549601fe794f5?pvs=21)st D (https://www.notion.so/D-b1303df2f24d4014b6316e53f3e74243?pvs=21)u stattdessen eine mehr.","Aqua (https://www.notion.so/Aqua-8c3b1bb2cc364f6ba274d390ac8d3800?pvs=21), 5",https://cdn.discordapp.com/attachments/1140326119963377664/1151119520656789574/itschotsch_beautiful_massive_blue_waterfall_white_mist_bright_c_d43c5ee1-ab20-4d2d-9cbc-ef292416b7a2.png,0,30,,,,Draw,Starterdeck Aqua (https://www.notion.so/Starterdeck-Aqua-6b2d4d985fa943b5bb176dca75aca258?pvs=21),Untested,Jan Appel
Ereignis (https://www.notion.so/Ereignis-88e179fa1fd740499a32ee3ed4377596?pvs=21),Kreuzsee,"sofort (https://www.notion.so/sofort-9c56f076fccf4157b07459dd557d86d7?pvs=21) spielbar.
neutralisier (https://www.notion.so/neutralisier-c0c9232450044d979cc6456ac433b4cd?pvs=21)e ein Ereignis (https://www.notion.so/Ereignis-88e179fa1fd740499a32ee3ed4377596?pvs=21) mit Elementarkosten (https://www.notion.so/Elementarkosten-fea3906dd57841dfb44fe508414a2ce9?pvs=21) 4 oder weniger.","Aqua (https://www.notion.so/Aqua-8c3b1bb2cc364f6ba274d390ac8d3800?pvs=21), 2",,,,,,,,Starterdeck Aqua (https://www.notion.so/Starterdeck-Aqua-6b2d4d985fa943b5bb176dca75aca258?pvs=21),Idee,Jan Appel
Ereignis (https://www.notion.so/Ereignis-88e179fa1fd740499a32ee3ed4377596?pvs=21),Küstenböe,"sofort (https://www.notion.so/sofort-9c56f076fccf4157b07459dd557d86d7?pvs=21) spielbar.
neutralisier (https://www.notion.so/neutralisier-c0c9232450044d979cc6456ac433b4cd?pvs=21)e eine Konstante (https://www.notion.so/Konstante-bafefdffb74944b09dc4f9de10183b2d?pvs=21), die kein Charakter (https://www.notion.so/Charakter-cdfda7ca52aa435bbb22610007798d2f?pvs=21) ist, mit Elementarkosten (https://www.notion.so/Elementarkosten-fea3906dd57841dfb44fe508414a2ce9?pvs=21) $2x$ oder weniger.","Aqua (https://www.notion.so/Aqua-8c3b1bb2cc364f6ba274d390ac8d3800?pvs=21), $x$ oder Aeris (https://www.notion.so/Aeris-5996f3899d7740fc809fe30a652d20c6?pvs=21), $x$",,,,,,,,Starterdeck Aqua (https://www.notion.so/Starterdeck-Aqua-6b2d4d985fa943b5bb176dca75aca258?pvs=21),Idee,Jan Appel
,Braunes Reh,,"Terra, 2",,20,15,,Wildtier (https://www.notion.so/Wildtier-566a219b7ef049469e5743f0e8b351de?pvs=21),,,Starterdeck Terra (https://www.notion.so/Starterdeck-Terra-200f435487934141a36042450b2b0db3?pvs=21),Idee,Timon
,Brauner Hirsch,,"Terra, 4",,45,35,,Wildtier (https://www.notion.so/Wildtier-566a219b7ef049469e5743f0e8b351de?pvs=21),,,Starterdeck Terra (https://www.notion.so/Starterdeck-Terra-200f435487934141a36042450b2b0db3?pvs=21),Idee,Timon
,Braunbär,,"Terra, 6",,65,55,,Wildtier (https://www.notion.so/Wildtier-566a219b7ef049469e5743f0e8b351de?pvs=21),,,Starterdeck Terra (https://www.notion.so/Starterdeck-Terra-200f435487934141a36042450b2b0db3?pvs=21),Idee,Timon
,Erwachen des Waldes,Falls du ein Terra Charakter kontrollierst. Füge deiner Hand bis zu 2 Wildtier (https://www.notion.so/Wildtier-566a219b7ef049469e5743f0e8b351de?pvs=21) Charaktere hinzu,"Terra, 4",,,,,,,,Starterdeck Terra (https://www.notion.so/Starterdeck-Terra-200f435487934141a36042450b2b0db3?pvs=21),Idee,Timon
,Fröhliche Waldlichtung,Einmal pro Spielzug die Rufkosten für ein Wildtier vom Element Terra sind um bis zu 2 reduziert,"Terra, 4",Starterdeck%20Aqua%206b2d4d985fa943b5bb176dca75aca258/wia._big_forest_clearing_groupe_of_cute_deers_and_birds_magica_b4b18de2-1352-482f-992a-4424d41bc406.png,,,,,,,Starterdeck Terra (https://www.notion.so/Starterdeck-Terra-200f435487934141a36042450b2b0db3?pvs=21),Idee,Timon
Sache (https://www.notion.so/Sache-01fa783543da4ed2964edb521e465bd0?pvs=21),Geld ist Macht,"vers (https://www.notion.so/vers-6a91c6bfe98549699eed7a53885c2d9b?pvs=21)ieh eine Konstante (https://www.notion.so/Konstante-bafefdffb74944b09dc4f9de10183b2d?pvs=21) mit Geld ist Macht (https://www.notion.so/Geld-ist-Macht-43a806f801ee4f8898cfaec5781b4295?pvs=21). Lege bis zu 25 Münze (https://www.notion.so/M-nze-8a43ae64dd89409b80adca5a926d497b?pvs=21)n auf diese Konstante (https://www.notion.so/Konstante-bafefdffb74944b09dc4f9de10183b2d?pvs=21). Angriffswert (https://www.notion.so/Angriffswert-08a93843021a40dba6e7e34862f163fa?pvs=21) und Verteidigungswert (https://www.notion.so/Verteidigungswert-e67635d2fccf454d85d29b869ee8b6ff?pvs=21) der vers (https://www.notion.so/vers-6a91c6bfe98549699eed7a53885c2d9b?pvs=21)ehenen Konstante (https://www.notion.so/Konstante-bafefdffb74944b09dc4f9de10183b2d?pvs=21) sind um diese Anzahl (https://www.notion.so/Anzahl-09cf5acb69fa4d5ea84c749a17cf2bb0?pvs=21) erhöht. Wird die vers (https://www.notion.so/vers-6a91c6bfe98549699eed7a53885c2d9b?pvs=21)ehene Konstante (https://www.notion.so/Konstante-bafefdffb74944b09dc4f9de10183b2d?pvs=21) zerstör (https://www.notion.so/zerst-r-353ca16d2f8a4864a2987a024552914f?pvs=21)t, erhält der zerstör (https://www.notion.so/zerst-r-353ca16d2f8a4864a2987a024552914f?pvs=21)ende Spieler (https://www.notion.so/Spieler-8f9b118372384c41817b4234398dfa75?pvs=21) die Münze (https://www.notion.so/M-nze-8a43ae64dd89409b80adca5a926d497b?pvs=21)n.",,,,,,,,,Herrscher-Deck (https://www.notion.so/Herrscher-Deck-7dd17e4a584a4c40ad904d375019570b?pvs=21),Idee,Jan Appel
Ereignis (https://www.notion.so/Ereignis-88e179fa1fd740499a32ee3ed4377596?pvs=21),Sonntagsmarkt,"verkünde (https://www.notion.so/verk-nde-60617eed7ae244bab7664a1d221879c2?pvs=21) einen Entitäten (https://www.notion.so/09a479f6a9da4570a428e67ff08006f4?pvs=21)typ. zieh (https://www.notion.so/zieh-b15d78fb02034a8f94b549601fe794f5?pvs=21)e Karte (https://www.notion.so/Karte-6ddef2a437ec4b918cdc8a75c9262128?pvs=21)n von D (https://www.notion.so/D-b1303df2f24d4014b6316e53f3e74243?pvs=21)einem Deck (https://www.notion.so/Deck-12e336df2ea64e2194cabce2e4d93d61?pvs=21), bis D (https://www.notion.so/D-b1303df2f24d4014b6316e53f3e74243?pvs=21)u den verkünde (https://www.notion.so/verk-nde-60617eed7ae244bab7664a1d221879c2?pvs=21)ten Entitäten (https://www.notion.so/09a479f6a9da4570a428e67ff08006f4?pvs=21)typ zieh (https://www.notion.so/zieh-b15d78fb02034a8f94b549601fe794f5?pvs=21)st. Nimm diese Karte (https://www.notion.so/Karte-6ddef2a437ec4b918cdc8a75c9262128?pvs=21) auf (https://www.notion.so/auf-e5bc4ea646fa468aa4d0ee5800a3c5e2?pvs=21) die Hand (https://www.notion.so/Hand-02eed85235d546fc8cd87be30bc8b7c8?pvs=21). Alle anderen so gezogenen Karte (https://www.notion.so/Karte-6ddef2a437ec4b918cdc8a75c9262128?pvs=21)n werden zwischen allen Gegner (https://www.notion.so/Gegner-38d8865e0868489d84eed7aab3fdb7d3?pvs=21)n für Münze (https://www.notion.so/M-nze-8a43ae64dd89409b80adca5a926d497b?pvs=21)n versteigert, die D (https://www.notion.so/D-b1303df2f24d4014b6316e53f3e74243?pvs=21)u erhältst.",,,,,,,,,Herrscher-Deck (https://www.notion.so/Herrscher-Deck-7dd17e4a584a4c40ad904d375019570b?pvs=21),Idee,Jan Appel
Spielstein (https://www.notion.so/Spielstein-f241392873f94eb78018503e0f1abcc6?pvs=21),Keimling,,"Aeris, 4",,40,20,,Pflanze (https://www.notion.so/Pflanze-8fd02cc185f746a893b58d4c965563d1?pvs=21),,,,Idee,Jan Appel
,Klabautermann,,,,,,,,,,Herrscher der Meere (https://www.notion.so/Herrscher-der-Meere-4d2e1e99407a48fca8cfa23dd621d925?pvs=21),Idee,Jan Appel
,Neunauge,,,,,,,,,,Herrscher der Meere (https://www.notion.so/Herrscher-der-Meere-4d2e1e99407a48fca8cfa23dd621d925?pvs=21),Idee,Jan Appel
Sache (https://www.notion.so/Sache-01fa783543da4ed2964edb521e465bd0?pvs=21),Angebot & Nachfrage,Der Spieler (https://www.notion.so/Spieler-8f9b118372384c41817b4234398dfa75?pvs=21) am Zug (https://www.notion.so/Zug-1dea8b0b0db6480ea14c8b3f2d6dda20?pvs=21) darf mit den anderen Spieler (https://www.notion.so/Spieler-8f9b118372384c41817b4234398dfa75?pvs=21)n handeln: Karte (https://www.notion.so/Karte-6ddef2a437ec4b918cdc8a75c9262128?pvs=21)n und Münze (https://www.notion.so/M-nze-8a43ae64dd89409b80adca5a926d497b?pvs=21)n dürfen beliebig gehandelt und geschenkt werden.,0,,0,0,,,,,Herrscher-Deck (https://www.notion.so/Herrscher-Deck-7dd17e4a584a4c40ad904d375019570b?pvs=21),Idee,Jan Appel
Charakter (https://www.notion.so/Charakter-cdfda7ca52aa435bbb22610007798d2f?pvs=21),Feuerteufel,"Um diese Karte (https://www.notion.so/Karte-6ddef2a437ec4b918cdc8a75c9262128?pvs=21) zu spielen, entferne als zusätzlich (https://www.notion.so/zus-tzlich-a23f9b82df1d444c8d5586d469aee01f?pvs=21)e Kosten einen D (https://www.notion.so/D-b1303df2f24d4014b6316e53f3e74243?pvs=21)einer Lebenspunkt (https://www.notion.so/Lebenspunkt-4df17cf9d68c430e89f3337925f15637?pvs=21)e aus dem Spiel. Wenn Feuerteufel (https://www.notion.so/Feuerteufel-91745a7a2e964ff797a7e53942c2c5a8?pvs=21) eine gegnerisch (https://www.notion.so/gegnerisch-459fafb1da0340bcb0744267999f295f?pvs=21)e Konstante (https://www.notion.so/Konstante-bafefdffb74944b09dc4f9de10183b2d?pvs=21) zerstört, erhältst du den Lebenspunkt (https://www.notion.so/Lebenspunkt-4df17cf9d68c430e89f3337925f15637?pvs=21) zurück.",3,,40,30,,Magisches Wesen (https://www.notion.so/Magisches-Wesen-416ecc433e6d4261a4640d1384950176?pvs=21),Ein Leben für ein Leben,,Starterdeck Ignis (https://www.notion.so/Starterdeck-Ignis-8de96cac07794cc6bb5d9fdac50c75cd?pvs=21),Idee,Tim
Ereignis (https://www.notion.so/Ereignis-88e179fa1fd740499a32ee3ed4377596?pvs=21),Sengende Reinigung,"Als zusätzlich (https://www.notion.so/zus-tzlich-a23f9b82df1d444c8d5586d469aee01f?pvs=21)e Kosten, wirf 3 Karte (https://www.notion.so/Karte-6ddef2a437ec4b918cdc8a75c9262128?pvs=21)n ab (https://www.notion.so/ab-3f245ce4bda845e09078a709034e2907?pvs=21). zerstör (https://www.notion.so/zerst-r-353ca16d2f8a4864a2987a024552914f?pvs=21)e alle Charakter (https://www.notion.so/Charakter-cdfda7ca52aa435bbb22610007798d2f?pvs=21). Wenn dabei mindestens 3 Charakter (https://www.notion.so/Charakter-cdfda7ca52aa435bbb22610007798d2f?pvs=21) zerstör (https://www.notion.so/zerst-r-353ca16d2f8a4864a2987a024552914f?pvs=21)t wurden, ziehe 2 Karte (https://www.notion.so/Karte-6ddef2a437ec4b918cdc8a75c9262128?pvs=21)n.",2,,,,,,,Board clear kostet ~4 Mana. Board clear nur für Charakere mit netto 1 Karte abwerfen → 2 Mana,Starterdeck Ignis (https://www.notion.so/Starterdeck-Ignis-8de96cac07794cc6bb5d9fdac50c75cd?pvs=21),Idee,Tim
Sache (https://www.notion.so/Sache-01fa783543da4ed2964edb521e465bd0?pvs=21),Versengte Erde,"Wirf zu beginn D (https://www.notion.so/D-b1303df2f24d4014b6316e53f3e74243?pvs=21)eines Zug (https://www.notion.so/Zug-1dea8b0b0db6480ea14c8b3f2d6dda20?pvs=21)s eine Karte (https://www.notion.so/Karte-6ddef2a437ec4b918cdc8a75c9262128?pvs=21) ab (https://www.notion.so/ab-3f245ce4bda845e09078a709034e2907?pvs=21). Wenn D (https://www.notion.so/D-b1303df2f24d4014b6316e53f3e74243?pvs=21)u dabei mindestens eine Karte (https://www.notion.so/Karte-6ddef2a437ec4b918cdc8a75c9262128?pvs=21) ab (https://www.notion.so/ab-3f245ce4bda845e09078a709034e2907?pvs=21)geworfen hast, dürfen bis zu D (https://www.notion.so/D-b1303df2f24d4014b6316e53f3e74243?pvs=21)einem nächsten Zug (https://www.notion.so/Zug-1dea8b0b0db6480ea14c8b3f2d6dda20?pvs=21) keine Konstante (https://www.notion.so/Konstante-bafefdffb74944b09dc4f9de10183b2d?pvs=21)n mehr gespiel (https://www.notion.so/spiel-b5c878a58a374f5282838f3bb3b69799?pvs=21)t werden. D (https://www.notion.so/D-b1303df2f24d4014b6316e53f3e74243?pvs=21)u darfst Versengte Erde (https://www.notion.so/Versengte-Erde-a2aac141ce69463381cb34a697508649?pvs=21) zerstör (https://www.notion.so/zerst-r-353ca16d2f8a4864a2987a024552914f?pvs=21)en.",5,,,30,,,,"Wenn niemand diese Karte zerstört, hat man nie Handkarten.",Starterdeck Ignis (https://www.notion.so/Starterdeck-Ignis-8de96cac07794cc6bb5d9fdac50c75cd?pvs=21),Idee,Tim
Charakter (https://www.notion.so/Charakter-cdfda7ca52aa435bbb22610007798d2f?pvs=21),Verrückter Narr,"Als zusätzlich (https://www.notion.so/zus-tzlich-a23f9b82df1d444c8d5586d469aee01f?pvs=21)e Kosten, wirf eine Karte ab (https://www.notion.so/ab-3f245ce4bda845e09078a709034e2907?pvs=21). Wenn Verrückter Narr (https://www.notion.so/Verr-ckter-Narr-02913adc5fa14825a0b85eb99b7cc5f2?pvs=21) angreift und überlebt, zieh (https://www.notion.so/zieh-b15d78fb02034a8f94b549601fe794f5?pvs=21)e eine Karte (https://www.notion.so/Karte-6ddef2a437ec4b918cdc8a75c9262128?pvs=21). Verrückter Narr (https://www.notion.so/Verr-ckter-Narr-02913adc5fa14825a0b85eb99b7cc5f2?pvs=21) muss jeden Zug (https://www.notion.so/Zug-1dea8b0b0db6480ea14c8b3f2d6dda20?pvs=21) angreifen.",3,,30,20,,Gesindel (https://www.notion.so/Gesindel-231bc7befc384da98d0d9936beda7774?pvs=21),,,Starterdeck Ignis (https://www.notion.so/Starterdeck-Ignis-8de96cac07794cc6bb5d9fdac50c75cd?pvs=21),Idee,Tim
Ereignis (https://www.notion.so/Ereignis-88e179fa1fd740499a32ee3ed4377596?pvs=21),Funkensprung,"zerstör (https://www.notion.so/zerst-r-353ca16d2f8a4864a2987a024552914f?pvs=21)e Karte (https://www.notion.so/Karte-6ddef2a437ec4b918cdc8a75c9262128?pvs=21)n mit insgesamt bis zu 20*x Verteidigungswert (https://www.notion.so/Verteidigungswert-e67635d2fccf454d85d29b869ee8b6ff?pvs=21), wobei x die Anzahl aller in diesem Zug (https://www.notion.so/Zug-1dea8b0b0db6480ea14c8b3f2d6dda20?pvs=21) abgeworfenen Karte (https://www.notion.so/Karte-6ddef2a437ec4b918cdc8a75c9262128?pvs=21)n ist. ",2,,,,,,,Vlt zu schwach,Starterdeck Ignis (https://www.notion.so/Starterdeck-Ignis-8de96cac07794cc6bb5d9fdac50c75cd?pvs=21),Idee,Tim
Ereignis (https://www.notion.so/Ereignis-88e179fa1fd740499a32ee3ed4377596?pvs=21),"Wie du mir, so ich dir","sofort (https://www.notion.so/sofort-9c56f076fccf4157b07459dd557d86d7?pvs=21) spielbar. Wiederhole den Effekt der soeben vom Gegner (https://www.notion.so/Gegner-38d8865e0868489d84eed7aab3fdb7d3?pvs=21) gespielten Karte (https://www.notion.so/Karte-6ddef2a437ec4b918cdc8a75c9262128?pvs=21), wobei D (https://www.notion.so/D-b1303df2f24d4014b6316e53f3e74243?pvs=21)u das neue Ziel definierst.",3,,,,,,,Uno reverse card,Starterdeck Ignis (https://www.notion.so/Starterdeck-Ignis-8de96cac07794cc6bb5d9fdac50c75cd?pvs=21),Idee,Tim
Charakter (https://www.notion.so/Charakter-cdfda7ca52aa435bbb22610007798d2f?pvs=21),Flammengeist,"zieh (https://www.notion.so/zieh-b15d78fb02034a8f94b549601fe794f5?pvs=21)e für jede ab (https://www.notion.so/ab-3f245ce4bda845e09078a709034e2907?pvs=21)geworfene Karte (https://www.notion.so/Karte-6ddef2a437ec4b918cdc8a75c9262128?pvs=21) eine neue. ",2,,25,15,,Magisches Wesen (https://www.notion.so/Magisches-Wesen-416ecc433e6d4261a4640d1384950176?pvs=21),,,Starterdeck Ignis (https://www.notion.so/Starterdeck-Ignis-8de96cac07794cc6bb5d9fdac50c75cd?pvs=21),Idee,Tim
Sache (https://www.notion.so/Sache-01fa783543da4ed2964edb521e465bd0?pvs=21),Trümmerfeld,"Statt eine Karte (https://www.notion.so/Karte-6ddef2a437ec4b918cdc8a75c9262128?pvs=21) auf den Friedhof (https://www.notion.so/Friedhof-e253bfb78fc24f27b12562f1a8bd6a5f?pvs=21) zu legen, lege sie als unterstes unter Trümmerfeld (https://www.notion.so/Tr-mmerfeld-ba3f0690c7474aed932be7426ee6177a?pvs=21). Immer wenn du eine Karte (https://www.notion.so/Karte-6ddef2a437ec4b918cdc8a75c9262128?pvs=21) ziehst, darfst du aussuchen, ob du von deinem Deck (https://www.notion.so/Deck-12e336df2ea64e2194cabce2e4d93d61?pvs=21), oder vom Trümmerfeld (https://www.notion.so/Tr-mmerfeld-ba3f0690c7474aed932be7426ee6177a?pvs=21) ziehst. Wenn Trümmerfeld (https://www.notion.so/Tr-mmerfeld-ba3f0690c7474aed932be7426ee6177a?pvs=21) zerstört wird, lege alle darunterliegenden Karte (https://www.notion.so/Karte-6ddef2a437ec4b918cdc8a75c9262128?pvs=21)n auf den Friedhof (https://www.notion.so/Friedhof-e253bfb78fc24f27b12562f1a8bd6a5f?pvs=21).",6,,,40,,,,,Starterdeck Ignis (https://www.notion.so/Starterdeck-Ignis-8de96cac07794cc6bb5d9fdac50c75cd?pvs=21),Idee,Tim
Charakter (https://www.notion.so/Charakter-cdfda7ca52aa435bbb22610007798d2f?pvs=21),Feuersalamander,"sofort (https://www.notion.so/sofort-9c56f076fccf4157b07459dd557d86d7?pvs=21) spielbar. Wenn Feuersalamander (https://www.notion.so/Feuersalamander-2f7b188a88b0419e9d29d0f4a79b74a4?pvs=21) von einem Charakter (https://www.notion.so/Charakter-cdfda7ca52aa435bbb22610007798d2f?pvs=21)  ﻿zerstör (https://www.notion.so/zerst-r-353ca16d2f8a4864a2987a024552914f?pvs=21)t wird, wird der zerstörende @ gebrandmarkt (https://www.notion.so/gebrandmarkt-544e31bf95b349abaf97ade09ca624bc?pvs=21).",1,,10,10,,Wildtier (https://www.notion.so/Wildtier-566a219b7ef049469e5743f0e8b351de?pvs=21),,,Starterdeck Ignis (https://www.notion.so/Starterdeck-Ignis-8de96cac07794cc6bb5d9fdac50c75cd?pvs=21),Idee,Tim
Ereignis (https://www.notion.so/Ereignis-88e179fa1fd740499a32ee3ed4377596?pvs=21),Brandmarkender Eid,"Alle D (https://www.notion.so/D-b1303df2f24d4014b6316e53f3e74243?pvs=21)eine Charakter (https://www.notion.so/Charakter-cdfda7ca52aa435bbb22610007798d2f?pvs=21) werden gebrandmarkt (https://www.notion.so/gebrandmarkt-544e31bf95b349abaf97ade09ca624bc?pvs=21) (Wenn sie zerstör (https://www.notion.so/zerst-r-353ca16d2f8a4864a2987a024552914f?pvs=21)t werden, zieh (https://www.notion.so/zieh-b15d78fb02034a8f94b549601fe794f5?pvs=21)t der Zerstörende eine Karte (https://www.notion.so/Karte-6ddef2a437ec4b918cdc8a75c9262128?pvs=21)). zieh (https://www.notion.so/zieh-b15d78fb02034a8f94b549601fe794f5?pvs=21) eine Karte (https://www.notion.so/Karte-6ddef2a437ec4b918cdc8a75c9262128?pvs=21) für jeden gebrandmarkt (https://www.notion.so/gebrandmarkt-544e31bf95b349abaf97ade09ca624bc?pvs=21)en Charakter (https://www.notion.so/Charakter-cdfda7ca52aa435bbb22610007798d2f?pvs=21). ",3,,,,Brandmarkender Eid (https://www.notion.so/Brandmarkender-Eid-4e584e780ab64269ae45a8c50a6ec6f9?pvs=21),,,,Starterdeck Ignis (https://www.notion.so/Starterdeck-Ignis-8de96cac07794cc6bb5d9fdac50c75cd?pvs=21),Idee,Tim
Charakter (https://www.notion.so/Charakter-cdfda7ca52aa435bbb22610007798d2f?pvs=21),Gebrandmarkter Krieger,"Ist gebrandmarkt (https://www.notion.so/gebrandmarkt-544e31bf95b349abaf97ade09ca624bc?pvs=21). ",4,,45,40,Brandmarkender Eid (https://www.notion.so/Brandmarkender-Eid-4e584e780ab64269ae45a8c50a6ec6f9?pvs=21),Gefolge (https://www.notion.so/Gefolge-d8ea55c1066e4abbb15b1b371bd0f320?pvs=21),,,Starterdeck Ignis (https://www.notion.so/Starterdeck-Ignis-8de96cac07794cc6bb5d9fdac50c75cd?pvs=21),Idee,Tim
Charakter (https://www.notion.so/Charakter-cdfda7ca52aa435bbb22610007798d2f?pvs=21),Gebrandmarkter Truppenführer,"Ist gebrandmarkt (https://www.notion.so/gebrandmarkt-544e31bf95b349abaf97ade09ca624bc?pvs=21). Als zusätzlich (https://www.notion.so/zus-tzlich-a23f9b82df1d444c8d5586d469aee01f?pvs=21)e Kosten, wird eine anderer verbündet (https://www.notion.so/verb-ndet-76b6117405774f5ba575df0e30e1fca6?pvs=21)er Charakter (https://www.notion.so/Charakter-cdfda7ca52aa435bbb22610007798d2f?pvs=21) gebrandmarkt (https://www.notion.so/gebrandmarkt-544e31bf95b349abaf97ade09ca624bc?pvs=21).",4,,45,45,Brandmarkender Eid (https://www.notion.so/Brandmarkender-Eid-4e584e780ab64269ae45a8c50a6ec6f9?pvs=21),Gefolge (https://www.notion.so/Gefolge-d8ea55c1066e4abbb15b1b371bd0f320?pvs=21),,,Starterdeck Ignis (https://www.notion.so/Starterdeck-Ignis-8de96cac07794cc6bb5d9fdac50c75cd?pvs=21),Idee,Tim
Ereignis (https://www.notion.so/Ereignis-88e179fa1fd740499a32ee3ed4377596?pvs=21),Den Flammen entkommen,"D (https://www.notion.so/D-b1303df2f24d4014b6316e53f3e74243?pvs=21)u musst für die nächste Karte (https://www.notion.so/Karte-6ddef2a437ec4b918cdc8a75c9262128?pvs=21), die D (https://www.notion.so/D-b1303df2f24d4014b6316e53f3e74243?pvs=21)u in diesem Zug (https://www.notion.so/Zug-1dea8b0b0db6480ea14c8b3f2d6dda20?pvs=21) spiel (https://www.notion.so/spiel-b5c878a58a374f5282838f3bb3b69799?pvs=21)st, die zusätzlich (https://www.notion.so/zus-tzlich-a23f9b82df1d444c8d5586d469aee01f?pvs=21)en Kosten nicht bezahlen.",1,,,,,,,,Starterdeck Ignis (https://www.notion.so/Starterdeck-Ignis-8de96cac07794cc6bb5d9fdac50c75cd?pvs=21),Idee,Tim
Sache (https://www.notion.so/Sache-01fa783543da4ed2964edb521e465bd0?pvs=21),Finger verbrannt,D (https://www.notion.so/D-b1303df2f24d4014b6316e53f3e74243?pvs=21)u musst nicht mehr als 3 Karte (https://www.notion.so/Karte-6ddef2a437ec4b918cdc8a75c9262128?pvs=21)n in einer Runde (https://www.notion.so/Runde-d203b45604604e129e5015129b597641?pvs=21) abwerfen.,5,,,40,,,,,Starterdeck Ignis (https://www.notion.so/Starterdeck-Ignis-8de96cac07794cc6bb5d9fdac50c75cd?pvs=21),Idee,Tim
Charakter (https://www.notion.so/Charakter-cdfda7ca52aa435bbb22610007798d2f?pvs=21),Flammenbiest,"Als zusätzlich (https://www.notion.so/zus-tzlich-a23f9b82df1d444c8d5586d469aee01f?pvs=21)e Kosten, zerstör (https://www.notion.so/zerst-r-353ca16d2f8a4864a2987a024552914f?pvs=21)e eine verbündet (https://www.notion.so/verb-ndet-76b6117405774f5ba575df0e30e1fca6?pvs=21)e Konstante (https://www.notion.so/Konstante-bafefdffb74944b09dc4f9de10183b2d?pvs=21).",6,,70,60,,Ungeheuer (https://www.notion.so/Ungeheuer-ea8dd894ff144b2681751cf979fbde0e?pvs=21),,,Starterdeck Ignis (https://www.notion.so/Starterdeck-Ignis-8de96cac07794cc6bb5d9fdac50c75cd?pvs=21),Idee,Tim
Sache (https://www.notion.so/Sache-01fa783543da4ed2964edb521e465bd0?pvs=21),Alternativer Schmerz,"Statt für eine Karte (https://www.notion.so/Karte-6ddef2a437ec4b918cdc8a75c9262128?pvs=21) zusätzlich (https://www.notion.so/zus-tzlich-a23f9b82df1d444c8d5586d469aee01f?pvs=21)e Kosten zu bezahlen, werfe stattdessen eine Karte (https://www.notion.so/Karte-6ddef2a437ec4b918cdc8a75c9262128?pvs=21) ab (https://www.notion.so/ab-3f245ce4bda845e09078a709034e2907?pvs=21). Wenn das passiert, zerstör (https://www.notion.so/zerst-r-353ca16d2f8a4864a2987a024552914f?pvs=21)e Alternativer Schmerz (https://www.notion.so/Alternativer-Schmerz-40034790a31740ae80f341b477bf84b4?pvs=21).",2,,,30,,,,,Starterdeck Ignis (https://www.notion.so/Starterdeck-Ignis-8de96cac07794cc6bb5d9fdac50c75cd?pvs=21),Idee,Tim
Charakter (https://www.notion.so/Charakter-cdfda7ca52aa435bbb22610007798d2f?pvs=21),Brandeisenschmied,"Immer wenn Brandeisenschmied (https://www.notion.so/Brandeisenschmied-195f78aa5bbe42e6b22ce3371b769d1c?pvs=21) verteidig (https://www.notion.so/verteidig-839e6f9d7cbd46cebaa3c27a3d39a179?pvs=21)t, muss ein nicht-gebrandmarkt (https://www.notion.so/gebrandmarkt-544e31bf95b349abaf97ade09ca624bc?pvs=21)er Charakter (https://www.notion.so/Charakter-cdfda7ca52aa435bbb22610007798d2f?pvs=21)  gebrandmarkt (https://www.notion.so/gebrandmarkt-544e31bf95b349abaf97ade09ca624bc?pvs=21) werden. Wenn alle Charakter (https://www.notion.so/Charakter-cdfda7ca52aa435bbb22610007798d2f?pvs=21) gebrandmarkt (https://www.notion.so/gebrandmarkt-544e31bf95b349abaf97ade09ca624bc?pvs=21) sind, kann Brandeisenschmied (https://www.notion.so/Brandeisenschmied-195f78aa5bbe42e6b22ce3371b769d1c?pvs=21) nicht verteidig (https://www.notion.so/verteidig-839e6f9d7cbd46cebaa3c27a3d39a179?pvs=21)en. ",3,,20,40,Brandmarkender Eid (https://www.notion.so/Brandmarkender-Eid-4e584e780ab64269ae45a8c50a6ec6f9?pvs=21),Gefolge (https://www.notion.so/Gefolge-d8ea55c1066e4abbb15b1b371bd0f320?pvs=21),,"Anfangs stark, weil Gegner gebrandmarkt werden kann, dann schwach, weil eigene Charaktere gebrandmarkt werden müssen",Starterdeck Ignis (https://www.notion.so/Starterdeck-Ignis-8de96cac07794cc6bb5d9fdac50c75cd?pvs=21),Idee,Tim
Ereignis (https://www.notion.so/Ereignis-88e179fa1fd740499a32ee3ed4377596?pvs=21),Feuersturm,"Alle gebrandmarkt (https://www.notion.so/gebrandmarkt-544e31bf95b349abaf97ade09ca624bc?pvs=21)en Charakter (https://www.notion.so/Charakter-cdfda7ca52aa435bbb22610007798d2f?pvs=21) werden zerstör (https://www.notion.so/zerst-r-353ca16d2f8a4864a2987a024552914f?pvs=21)t, ohne dass jemand eine Karte (https://www.notion.so/Karte-6ddef2a437ec4b918cdc8a75c9262128?pvs=21) zieh (https://www.notion.so/zieh-b15d78fb02034a8f94b549601fe794f5?pvs=21)t.",3,,,,,,,,Starterdeck Ignis (https://www.notion.so/Starterdeck-Ignis-8de96cac07794cc6bb5d9fdac50c75cd?pvs=21),Idee,Tim
Ritual (https://www.notion.so/Ritual-eff2926a20744f63b63ea77a6d71edd9?pvs=21),Pech und Schwefel,"- Wirf 3 oder mehr Karte (https://www.notion.so/Karte-6ddef2a437ec4b918cdc8a75c9262128?pvs=21)n in einem Zug (https://www.notion.so/Zug-1dea8b0b0db6480ea14c8b3f2d6dda20?pvs=21) ab (https://www.notion.so/ab-3f245ce4bda845e09078a709034e2907?pvs=21) → Mische die obersten 10 Karte (https://www.notion.so/Karte-6ddef2a437ec4b918cdc8a75c9262128?pvs=21)n deines Friedhof (https://www.notion.so/Friedhof-e253bfb78fc24f27b12562f1a8bd6a5f?pvs=21)s in dein Deck (https://www.notion.so/Deck-12e336df2ea64e2194cabce2e4d93d61?pvs=21).
- 3 oder mehr Charakter (https://www.notion.so/Charakter-cdfda7ca52aa435bbb22610007798d2f?pvs=21)e sind gebrandmarkt (https://www.notion.so/gebrandmarkt-544e31bf95b349abaf97ade09ca624bc?pvs=21) → spiel (https://www.notion.so/spiel-b5c878a58a374f5282838f3bb3b69799?pvs=21)e eine Karte (https://www.notion.so/Karte-6ddef2a437ec4b918cdc8a75c9262128?pvs=21) und bezahle weder ihre Elementarkosten (https://www.notion.so/Elementarkosten-fea3906dd57841dfb44fe508414a2ce9?pvs=21), noch ihre zusätzlich (https://www.notion.so/zus-tzlich-a23f9b82df1d444c8d5586d469aee01f?pvs=21)en Kosten.",6,,,60,Brandmarkender Eid (https://www.notion.so/Brandmarkender-Eid-4e584e780ab64269ae45a8c50a6ec6f9?pvs=21),,,,Starterdeck Ignis (https://www.notion.so/Starterdeck-Ignis-8de96cac07794cc6bb5d9fdac50c75cd?pvs=21),Idee,Tim
Legende (https://www.notion.so/Legende-3982764085c2477e827623c38aec8f98?pvs=21),Weltenbrand,"1. Eine gewählter Charakter (https://www.notion.so/Charakter-cdfda7ca52aa435bbb22610007798d2f?pvs=21) ist diese Runde (https://www.notion.so/Runde-d203b45604604e129e5015129b597641?pvs=21) ohnmächtig (https://www.notion.so/ohnm-chtig-052e31a81ae24fb5ac51512957908c0d?pvs=21).
2. Spiele Karte (https://www.notion.so/Karte-6ddef2a437ec4b918cdc8a75c9262128?pvs=21)n für ihre doppelten Elementarkosten (https://www.notion.so/Elementarkosten-fea3906dd57841dfb44fe508414a2ce9?pvs=21), ohne ihre zusätzlich (https://www.notion.so/zus-tzlich-a23f9b82df1d444c8d5586d469aee01f?pvs=21)en Kosten zu bezahlen .
3. Alle gebrandmarkt (https://www.notion.so/gebrandmarkt-544e31bf95b349abaf97ade09ca624bc?pvs=21)en Charakter (https://www.notion.so/Charakter-cdfda7ca52aa435bbb22610007798d2f?pvs=21)e haben diese Runde (https://www.notion.so/Runde-d203b45604604e129e5015129b597641?pvs=21) +30/+30",8,,,50,Brandmarkender Eid (https://www.notion.so/Brandmarkender-Eid-4e584e780ab64269ae45a8c50a6ec6f9?pvs=21),,,,Starterdeck Ignis (https://www.notion.so/Starterdeck-Ignis-8de96cac07794cc6bb5d9fdac50c75cd?pvs=21),Idee,Tim
Charakter (https://www.notion.so/Charakter-cdfda7ca52aa435bbb22610007798d2f?pvs=21),Selbsterkorener Prometheus,"Als zusätzlich (https://www.notion.so/zus-tzlich-a23f9b82df1d444c8d5586d469aee01f?pvs=21)e Kosten, nimm eine D (https://www.notion.so/D-b1303df2f24d4014b6316e53f3e74243?pvs=21)einer Elementkarte (https://www.notion.so/Elementkarte-2b9adcd059614612bb0133aece543b8a?pvs=21)n auf die Hand (https://www.notion.so/Hand-02eed85235d546fc8cd87be30bc8b7c8?pvs=21), D (https://www.notion.so/D-b1303df2f24d4014b6316e53f3e74243?pvs=21)u darfst sie diesen Zug (https://www.notion.so/Zug-1dea8b0b0db6480ea14c8b3f2d6dda20?pvs=21) ohne Elementarkosten (https://www.notion.so/Elementarkosten-fea3906dd57841dfb44fe508414a2ce9?pvs=21) und ohne zusätzlich (https://www.notion.so/zus-tzlich-a23f9b82df1d444c8d5586d469aee01f?pvs=21)e Kosten spiel (https://www.notion.so/spiel-b5c878a58a374f5282838f3bb3b69799?pvs=21)en. Wenn Selbsterkorener Prometheus (https://www.notion.so/Selbsterkorener-Prometheus-996b38739c594a9bba6b9daa3bb30e58?pvs=21) einen gegnerisch (https://www.notion.so/gegnerisch-459fafb1da0340bcb0744267999f295f?pvs=21)en Lebenspunkt (https://www.notion.so/Lebenspunkt-4df17cf9d68c430e89f3337925f15637?pvs=21) zerstör (https://www.notion.so/zerst-r-353ca16d2f8a4864a2987a024552914f?pvs=21)t, darfst D (https://www.notion.so/D-b1303df2f24d4014b6316e53f3e74243?pvs=21)u eine weitere Elementkarte (https://www.notion.so/Elementkarte-2b9adcd059614612bb0133aece543b8a?pvs=21) spielen.",5,,30,40,,Held (https://www.notion.so/Held-7ad751225e404dc5bd13e2f004629353?pvs=21),,,Starterdeck Ignis (https://www.notion.so/Starterdeck-Ignis-8de96cac07794cc6bb5d9fdac50c75cd?pvs=21),Idee,Tim
Ereignis (https://www.notion.so/Ereignis-88e179fa1fd740499a32ee3ed4377596?pvs=21),Feueressenz,"Nimm eine D (https://www.notion.so/D-b1303df2f24d4014b6316e53f3e74243?pvs=21)einer Elementkarte (https://www.notion.so/Elementkarte-2b9adcd059614612bb0133aece543b8a?pvs=21)n auf die Hand (https://www.notion.so/Hand-02eed85235d546fc8cd87be30bc8b7c8?pvs=21). D (https://www.notion.so/D-b1303df2f24d4014b6316e53f3e74243?pvs=21)u darfst sie diesen Zug (https://www.notion.so/Zug-1dea8b0b0db6480ea14c8b3f2d6dda20?pvs=21) ohne Elementarkosten (https://www.notion.so/Elementarkosten-fea3906dd57841dfb44fe508414a2ce9?pvs=21) und ohne zusätzlich (https://www.notion.so/zus-tzlich-a23f9b82df1d444c8d5586d469aee01f?pvs=21)e Kosten spiel (https://www.notion.so/spiel-b5c878a58a374f5282838f3bb3b69799?pvs=21)en. ",1,,,,,,,,Starterdeck Ignis (https://www.notion.so/Starterdeck-Ignis-8de96cac07794cc6bb5d9fdac50c75cd?pvs=21),Idee,Tim
Charakter (https://www.notion.so/Charakter-cdfda7ca52aa435bbb22610007798d2f?pvs=21),Gluthund,"Als zusätzlich (https://www.notion.so/zus-tzlich-a23f9b82df1d444c8d5586d469aee01f?pvs=21)e Kosten, zerstör (https://www.notion.so/zerst-r-353ca16d2f8a4864a2987a024552914f?pvs=21)e einen verbündet (https://www.notion.so/verb-ndet-76b6117405774f5ba575df0e30e1fca6?pvs=21)en Charakter (https://www.notion.so/Charakter-cdfda7ca52aa435bbb22610007798d2f?pvs=21). Nachdem Gluthund (https://www.notion.so/Gluthund-362ad239195a446f81ee6d00b30c0911?pvs=21) zerstör (https://www.notion.so/zerst-r-353ca16d2f8a4864a2987a024552914f?pvs=21)t wird, zerstör (https://www.notion.so/zerst-r-353ca16d2f8a4864a2987a024552914f?pvs=21)e einen gegnerisch (https://www.notion.so/gegnerisch-459fafb1da0340bcb0744267999f295f?pvs=21)en Charakter (https://www.notion.so/Charakter-cdfda7ca52aa435bbb22610007798d2f?pvs=21).",4,,40,30,,Magisches Wesen (https://www.notion.so/Magisches-Wesen-416ecc433e6d4261a4640d1384950176?pvs=21),,,Starterdeck Ignis (https://www.notion.so/Starterdeck-Ignis-8de96cac07794cc6bb5d9fdac50c75cd?pvs=21),Idee,Tim
Charakter (https://www.notion.so/Charakter-cdfda7ca52aa435bbb22610007798d2f?pvs=21),Funkenstürmer,"Als zusätzlich (https://www.notion.so/zus-tzlich-a23f9b82df1d444c8d5586d469aee01f?pvs=21)e Kosten, bezahle 2 Elementarkosten (https://www.notion.so/Elementarkosten-fea3906dd57841dfb44fe508414a2ce9?pvs=21) dazu.",2,,25,35,,Magisches Wesen (https://www.notion.so/Magisches-Wesen-416ecc433e6d4261a4640d1384950176?pvs=21),,"Auf 3 gebalanced, sodass es ungünstig ist, die zusätzlichen Kosten zu bezahlen aber gut, wenn sie nicht bezahlt werden müssen",Starterdeck Ignis (https://www.notion.so/Starterdeck-Ignis-8de96cac07794cc6bb5d9fdac50c75cd?pvs=21),Idee,Tim
Ereignis (https://www.notion.so/Ereignis-88e179fa1fd740499a32ee3ed4377596?pvs=21),Auflodern,"zieh (https://www.notion.so/zieh-b15d78fb02034a8f94b549601fe794f5?pvs=21) eine Karte (https://www.notion.so/Karte-6ddef2a437ec4b918cdc8a75c9262128?pvs=21). Wenn sie zusätzlich (https://www.notion.so/zus-tzlich-a23f9b82df1d444c8d5586d469aee01f?pvs=21)e Kosten hat, wiederhole den Effekt.",2,,,,,,,,Starterdeck Ignis (https://www.notion.so/Starterdeck-Ignis-8de96cac07794cc6bb5d9fdac50c75cd?pvs=21),Idee,Tim
Charakter (https://www.notion.so/Charakter-cdfda7ca52aa435bbb22610007798d2f?pvs=21),Überläufer,"Wenn Überläufer (https://www.notion.so/berl-ufer-c96986e601df48bb8a8ea21bbde21b92?pvs=21) von einem Charakter (https://www.notion.so/Charakter-cdfda7ca52aa435bbb22610007798d2f?pvs=21) zerstört würde, wechselt er stattdessen seinen Besitzer zum zerstörenden Spieler. Wenn das passiert, werfen alle Spieler (https://www.notion.so/Spieler-8f9b118372384c41817b4234398dfa75?pvs=21) eine Karte (https://www.notion.so/Karte-6ddef2a437ec4b918cdc8a75c9262128?pvs=21) ab (https://www.notion.so/ab-3f245ce4bda845e09078a709034e2907?pvs=21).",2,,15,10,,Gesindel (https://www.notion.so/Gesindel-231bc7befc384da98d0d9936beda7774?pvs=21),,,Starterdeck Ignis (https://www.notion.so/Starterdeck-Ignis-8de96cac07794cc6bb5d9fdac50c75cd?pvs=21),Idee,Tim
Charakter (https://www.notion.so/Charakter-cdfda7ca52aa435bbb22610007798d2f?pvs=21),Schmied Reckar,"jedes Mal wenn Schmied Reckar (https://www.notion.so/Schmied-Reckar-636af068614141fc943302d0ad14b9c9?pvs=21) angr (https://www.notion.so/gr-67b7334ca6da4432b1b2462f108f30e1?pvs=21)eift, wirf eine Karte (https://www.notion.so/Karte-6ddef2a437ec4b918cdc8a75c9262128?pvs=21) ab.",3,,35,25,,Gefolge (https://www.notion.so/Gefolge-d8ea55c1066e4abbb15b1b371bd0f320?pvs=21),,,Starterdeck Ignis (https://www.notion.so/Starterdeck-Ignis-8de96cac07794cc6bb5d9fdac50c75cd?pvs=21),Idee,Tim
Sache (https://www.notion.so/Sache-01fa783543da4ed2964edb521e465bd0?pvs=21),Feuerwand,"gegnerisch (https://www.notion.so/gegnerisch-459fafb1da0340bcb0744267999f295f?pvs=21)e Charakter (https://www.notion.so/Charakter-cdfda7ca52aa435bbb22610007798d2f?pvs=21), die D (https://www.notion.so/D-b1303df2f24d4014b6316e53f3e74243?pvs=21)ich angr (https://www.notion.so/gr-67b7334ca6da4432b1b2462f108f30e1?pvs=21)eifen, erhalten dabei -10 Angriffswert (https://www.notion.so/Angriffswert-08a93843021a40dba6e7e34862f163fa?pvs=21). Deine Charakter (https://www.notion.so/Charakter-cdfda7ca52aa435bbb22610007798d2f?pvs=21)e haben -10 Angriffswert (https://www.notion.so/Angriffswert-08a93843021a40dba6e7e34862f163fa?pvs=21).",3,,,20,,,,,Starterdeck Ignis (https://www.notion.so/Starterdeck-Ignis-8de96cac07794cc6bb5d9fdac50c75cd?pvs=21),Idee,Tim
Sache (https://www.notion.so/Sache-01fa783543da4ed2964edb521e465bd0?pvs=21),Geschlossene Tore,"Gegner (https://www.notion.so/Gegner-38d8865e0868489d84eed7aab3fdb7d3?pvs=21) zieh (https://www.notion.so/zieh-b15d78fb02034a8f94b549601fe794f5?pvs=21)en keine Karte (https://www.notion.so/Karte-6ddef2a437ec4b918cdc8a75c9262128?pvs=21)n, wenn sie D (https://www.notion.so/D-b1303df2f24d4014b6316e53f3e74243?pvs=21)eine gebrandmarkt (https://www.notion.so/gebrandmarkt-544e31bf95b349abaf97ade09ca624bc?pvs=21)en Charakter (https://www.notion.so/Charakter-cdfda7ca52aa435bbb22610007798d2f?pvs=21)e zerstör (https://www.notion.so/zerst-r-353ca16d2f8a4864a2987a024552914f?pvs=21)en. ",4,,,50,,,,,Starterdeck Ignis (https://www.notion.so/Starterdeck-Ignis-8de96cac07794cc6bb5d9fdac50c75cd?pvs=21),Idee,Tim
Charakter (https://www.notion.so/Charakter-cdfda7ca52aa435bbb22610007798d2f?pvs=21),Gebrandmarkter Knappe,"Ist gebrandmarkt (https://www.notion.so/gebrandmarkt-544e31bf95b349abaf97ade09ca624bc?pvs=21). ",4,,40,45,Brandmarkender Eid (https://www.notion.so/Brandmarkender-Eid-4e584e780ab64269ae45a8c50a6ec6f9?pvs=21),Gefolge (https://www.notion.so/Gefolge-d8ea55c1066e4abbb15b1b371bd0f320?pvs=21),,,Starterdeck Ignis (https://www.notion.so/Starterdeck-Ignis-8de96cac07794cc6bb5d9fdac50c75cd?pvs=21),Idee,Tim
Charakter (https://www.notion.so/Charakter-cdfda7ca52aa435bbb22610007798d2f?pvs=21),Gebrandmarkter Ritter,Ist gebrandmarkt (https://www.notion.so/gebrandmarkt-544e31bf95b349abaf97ade09ca624bc?pvs=21). gebrandmarkt (https://www.notion.so/gebrandmarkt-544e31bf95b349abaf97ade09ca624bc?pvs=21)e verbündet (https://www.notion.so/verb-ndet-76b6117405774f5ba575df0e30e1fca6?pvs=21)e haben +10/+10.,6,,50,45,Brandmarkender Eid (https://www.notion.so/Brandmarkender-Eid-4e584e780ab64269ae45a8c50a6ec6f9?pvs=21),Anführer (https://www.notion.so/Anf-hrer-5014765dddb3438f86c31b63b4523367?pvs=21),,,Starterdeck Ignis (https://www.notion.so/Starterdeck-Ignis-8de96cac07794cc6bb5d9fdac50c75cd?pvs=21),Idee,Tim
Ereignis (https://www.notion.so/Ereignis-88e179fa1fd740499a32ee3ed4377596?pvs=21),Dem Feuer entronnen,"D (https://www.notion.so/D-b1303df2f24d4014b6316e53f3e74243?pvs=21)u musst für die nächste Karte (https://www.notion.so/Karte-6ddef2a437ec4b918cdc8a75c9262128?pvs=21), die D (https://www.notion.so/D-b1303df2f24d4014b6316e53f3e74243?pvs=21)u in diesem Zug (https://www.notion.so/Zug-1dea8b0b0db6480ea14c8b3f2d6dda20?pvs=21) spiel (https://www.notion.so/spiel-b5c878a58a374f5282838f3bb3b69799?pvs=21)st, die zusätzlich (https://www.notion.so/zus-tzlich-a23f9b82df1d444c8d5586d469aee01f?pvs=21)en Kosten nicht bezahlen.",1,,,,,,,,Starterdeck Ignis (https://www.notion.so/Starterdeck-Ignis-8de96cac07794cc6bb5d9fdac50c75cd?pvs=21),Idee,Tim
Ereignis (https://www.notion.so/Ereignis-88e179fa1fd740499a32ee3ed4377596?pvs=21),Feuerstrahl,"Als zusätzlich (https://www.notion.so/zus-tzlich-a23f9b82df1d444c8d5586d469aee01f?pvs=21)e Kosten, bezahle 2 Ignis (https://www.notion.so/Ignis-ca68b053cd74404a8fa85893e505b753?pvs=21). zerstör (https://www.notion.so/zerst-r-353ca16d2f8a4864a2987a024552914f?pvs=21)e die gewählte Konstante (https://www.notion.so/Konstante-bafefdffb74944b09dc4f9de10183b2d?pvs=21).",,,,,,,,,Starterdeck Ignis (https://www.notion.so/Starterdeck-Ignis-8de96cac07794cc6bb5d9fdac50c75cd?pvs=21),Idee,Tim
,Feuertaufe,,,,,,,,,,Starterdeck Ignis (https://www.notion.so/Starterdeck-Ignis-8de96cac07794cc6bb5d9fdac50c75cd?pvs=21),Idee,Tim
,Magmar,"Als zusätzliche Kosten, lege 3 Karten von deiner Hand zurück auf dein Deck in einer beliebigen Reihenfolge. Jedes Mal wenn Magmar (https://www.notion.so/Magmar-2495d9056ea04577aa6e5c57068eeaf6?pvs=21) angreift, ziehe eine Karte.",6,,,,,,,,Starterdeck Ignis (https://www.notion.so/Starterdeck-Ignis-8de96cac07794cc6bb5d9fdac50c75cd?pvs=21),Idee,Tim
,Im Keim ersticken,"Immer wenn Du eine Karte abwirfst, müssen alle anderen Spieler zusammen 3 Mana bezahlen oder eine Karte abwerfen.",,,,,,,,,Starterdeck Ignis (https://www.notion.so/Starterdeck-Ignis-8de96cac07794cc6bb5d9fdac50c75cd?pvs=21),Idee,Tim
,Besungener Baum 1,Einmal pro Spielzug wenn ein Charakter zerstört wird du kannst eine Karte ziehen,"Terra, 6",,0,55,Baumsängerin (https://www.notion.so/Baums-ngerin-af7ba6f57aba4f63b5ceb62076cff89a?pvs=21),Magisches Wesen (https://www.notion.so/Magisches-Wesen-416ecc433e6d4261a4640d1384950176?pvs=21),,,Starterdeck Terra (https://www.notion.so/Starterdeck-Terra-200f435487934141a36042450b2b0db3?pvs=21),Idee,Timon
,Besungener Baum 2,"Du kannst ein zusätzliches Schild als Angriffsziel wählen ","Terra, 6",,0,55,Baumsängerin (https://www.notion.so/Baums-ngerin-af7ba6f57aba4f63b5ceb62076cff89a?pvs=21),Magisches Wesen (https://www.notion.so/Magisches-Wesen-416ecc433e6d4261a4640d1384950176?pvs=21),,,Starterdeck Terra (https://www.notion.so/Starterdeck-Terra-200f435487934141a36042450b2b0db3?pvs=21),Idee,Timon
,Besungener Baum 3,Ein anderer Charakter darf zwei mal pro Zug blocken,"Terra, 6",,0,55,Baumsängerin (https://www.notion.so/Baums-ngerin-af7ba6f57aba4f63b5ceb62076cff89a?pvs=21),Magisches Wesen (https://www.notion.so/Magisches-Wesen-416ecc433e6d4261a4640d1384950176?pvs=21),,,Starterdeck Terra (https://www.notion.so/Starterdeck-Terra-200f435487934141a36042450b2b0db3?pvs=21),Idee,Timon
,Besungener Baum 4,"Zu Beginn deines Zuges beschwöre die erste Bestie vom Typ Terra ","Terra, 6",,0,55,Baumsängerin (https://www.notion.so/Baums-ngerin-af7ba6f57aba4f63b5ceb62076cff89a?pvs=21),Magisches Wesen (https://www.notion.so/Magisches-Wesen-416ecc433e6d4261a4640d1384950176?pvs=21),,,Starterdeck Terra (https://www.notion.so/Starterdeck-Terra-200f435487934141a36042450b2b0db3?pvs=21),Idee,Timon
,Besungener Baum 5,"Alle deine Terra Karten erhalten + 20 Angriff und Verteidigung ","Terra, 6",,0,55,Baumsängerin (https://www.notion.so/Baums-ngerin-af7ba6f57aba4f63b5ceb62076cff89a?pvs=21),Magisches Wesen (https://www.notion.so/Magisches-Wesen-416ecc433e6d4261a4640d1384950176?pvs=21),,,Starterdeck Terra (https://www.notion.so/Starterdeck-Terra-200f435487934141a36042450b2b0db3?pvs=21),Idee,Timon
,Besungener Baum 5,einmal in deinem Spielzug annulliere ein Effekt deines Gegners,"Terra, 6",,0,55,Baumsängerin (https://www.notion.so/Baums-ngerin-af7ba6f57aba4f63b5ceb62076cff89a?pvs=21),Magisches Wesen (https://www.notion.so/Magisches-Wesen-416ecc433e6d4261a4640d1384950176?pvs=21),,,Starterdeck Terra (https://www.notion.so/Starterdeck-Terra-200f435487934141a36042450b2b0db3?pvs=21),Idee,Timon
,Besungener Baum 6,"eine Baumsängerin oder Bestie kann einen zweiten Angriff deklarieren ","Terra, 6",,0,55,Baumsängerin (https://www.notion.so/Baums-ngerin-af7ba6f57aba4f63b5ceb62076cff89a?pvs=21),Magisches Wesen (https://www.notion.so/Magisches-Wesen-416ecc433e6d4261a4640d1384950176?pvs=21),,,Starterdeck Terra (https://www.notion.so/Starterdeck-Terra-200f435487934141a36042450b2b0db3?pvs=21),Idee,Timon